Site	tree1	tree2	tree3
1	1.96382185	1.96351076
2	1.81565867	1.81569338
3	1.81565867	1.81569338
4	1.81565867	1.81569338
5	1.24881962	1.24939702
6	1.81565867	1.81569338
7	1.96382185	1.96351076
8	1.81565867	1.81569338
9	1.24881962	1.24939702
10	1.96382185	1.96351076
11	1.57106558	1.57137244
12	1.81565867	1.81569338
13	1.81565867	1.81569338
14	1.24881962	1.24939702
15	1.08763085	1.08763085
16	4.54850753	4.55440786
17	6.39137941	6.52801500
18	1.57106558	1.57137244
19	1.24881962	1.24939702
20	1.24881962	1.24939702
21	1.24881962	1.24939702
22	1.96382185	1.96351076
23	1.57106558	1.57137244
24	1.24881962	1.24939702
25	1.24881962	1.24939702
26	6.75532612	6.75342635
27	1.24881962	1.24939702
28	1.57106558	1.57137244
29	1.24881962	1.24939702
30	1.57106558	1.57137244
31	1.81565867	1.81569338
32	1.96382185	1.96351076
33	1.24881962	1.24939702
34	1.24881962	1.24939702
35	1.24881962	1.24939702
36	1.24881962	1.24939702
37	1.81565867	1.81569338
38	1.96382185	1.96351076
39	1.81565867	1.81569338
40	5.13680679	5.12335104
41	8.68740832	8.69686980
42	10.45205379	10.41520528
43	1.96382185	1.96351076
44	1.24881962	1.24939702
45	4.54850753	4.55440786
46	1.19917733	1.19971919
47	1.64730125	1.64756187
48	1.57106558	1.57137244
49	5.94077289	5.91688294
50	1.57106558	1.57137244
51	1.57106558	1.57137244
52	1.57106558	1.57137244
53	1.57106558	1.57137244
54	1.24881962	1.24939702
55	1.81565867	1.81569338
56	1.24881962	1.24939702
57	1.24881962	1.24939702
58	1.24881962	1.24939702
59	1.57106558	1.57137244
60	1.24881962	1.24939702
61	1.24881962	1.24939702
62	1.24881962	1.24939702
63	6.74920049	6.73810510
64	1.24881962	1.24939702
65	1.96382185	1.96351076
66	1.96382185	1.96351076
67	1.81565867	1.81569338
68	1.81565867	1.81569338
69	1.81565867	1.81569338
70	1.96382185	1.96351076
71	1.96382185	1.96351076
72	1.81565867	1.81569338
73	1.57106558	1.57137244
74	1.57106558	1.57137244
75	1.81565867	1.81569338
76	1.24881962	1.24939702
77	1.96382185	1.96351076
78	1.57106558	1.57137244
79	1.57106558	1.57137244
80	1.81565867	1.81569338
81	1.81565867	1.81569338
82	1.81565867	1.81569338
83	1.57106558	1.57137244
84	1.81565867	1.81569338
85	1.24881962	1.24939702
86	1.81565867	1.81569338
87	1.81565867	1.81569338
88	1.24881962	1.24939702
89	5.99266848	5.95126087
90	1.57106558	1.57137244
91	6.75231280	6.72318765
92	1.57106558	1.57137244
93	4.52097175	4.53027514
94	1.81565867	1.81569338
95	4.63791199	4.64238779
96	1.96382185	1.96351076
97	4.52097175	4.53027514
98	4.83244836	4.83684050
99	5.77034413	5.73646460
100	1.96382185	1.96351076
101	1.24881962	1.24939702
102	1.81565867	1.81569338
103	1.81565867	1.81569338
104	1.24881962	1.24939702
105	1.57106558	1.57137244
106	1.24881962	1.24939702
107	1.57106558	1.57137244
108	1.24881962	1.24939702
109	1.81565867	1.81569338
110	1.96382185	1.96351076
111	1.57106558	1.57137244
112	1.24881962	1.24939702
113	1.24881962	1.24939702
114	1.96382185	1.96351076
115	1.57106558	1.57137244
116	1.24881962	1.24939702
117	1.81565867	1.81569338
118	1.57106558	1.57137244
119	1.57106558	1.57137244
120	1.57106558	1.57137244
121	1.57106558	1.57137244
122	1.96382185	1.96351076
123	5.73483931	5.74649738
124	5.73483931	5.74649738
125	1.57106558	1.57137244
126	1.57106558	1.57137244
127	7.82380076	7.81671883
128	1.96382185	1.96351076
129	1.81565867	1.81569338
130	1.96382185	1.96351076
131	5.51696049	5.51208336
132	1.81565867	1.81569338
133	1.57106558	1.57137244
134	5.94077289	5.91688294
135	1.57106558	1.57137244
136	1.57106558	1.57137244
137	1.57106558	1.57137244
138	1.81565867	1.81569338
139	4.38142560	4.38854245
140	5.13680679	5.12335104
141	1.24881962	1.24939702
142	1.24881962	1.24939702
143	4.83244836	4.83684050
144	4.70487484	4.71316792
145	1.57106558	1.57137244
146	6.10779085	6.11904177
147	1.30552608	1.30552608
148	6.97054312	6.94056697
149	1.96382185	1.96351076
150	1.24881962	1.24939702
151	4.70487484	4.71316792
152	4.54850753	4.55440786
153	1.24881962	1.24939702
154	1.24881962	1.24939702
155	4.83244836	4.83684050
156	1.24881962	1.24939702
157	1.96382185	1.96351076
158	1.96382185	1.96351076
159	1.24881962	1.24939702
160	4.63791199	4.64238779
161	1.57106558	1.57137244
162	1.24881962	1.24939702
163	4.63791199	4.64238779
164	1.96382185	1.96351076
165	6.62911643	6.61859730
166	1.24881962	1.24939702
167	1.81565867	1.81569338
168	1.57106558	1.57137244
169	1.24881962	1.24939702
170	1.24881962	1.24939702
171	1.96382185	1.96351076
172	5.44265426	5.41876782
173	1.24881962	1.24939702
174	1.57106558	1.57137244
175	1.96382185	1.96351076
176	1.57106558	1.57137244
177	1.24881962	1.24939702
178	5.02465091	5.02981456
179	8.40070212	8.33483851
180	1.24881962	1.24939702
181	1.24881962	1.24939702
182	4.70487484	4.71316792
183	1.96382185	1.96351076
184	1.57106558	1.57137244
185	1.24881962	1.24939702
186	1.96382185	1.96351076
187	1.57106558	1.57137244
188	1.81565867	1.81569338
189	1.57106558	1.57137244
190	1.24881962	1.24939702
191	1.24881962	1.24939702
192	4.83244836	4.83684050
193	1.24881962	1.24939702
194	1.57106558	1.57137244
195	4.80366340	4.80846910
196	1.57106558	1.57137244
197	4.52097175	4.53027514
198	4.52097175	4.53027514
199	6.24250929	6.23267570
200	1.96382185	1.96351076
201	1.57106558	1.57137244
202	1.57106558	1.57137244
203	1.81565867	1.81569338
204	1.24881962	1.24939702
205	1.96382185	1.96351076
206	1.57106558	1.57137244
207	1.57106558	1.57137244
208	1.24881962	1.24939702
209	1.57106558	1.57137244
210	1.24881962	1.24939702
211	1.57106558	1.57137244
212	1.57106558	1.57137244
213	1.57106558	1.57137244
214	1.57106558	1.57137244
215	1.57106558	1.57137244
216	1.24881962	1.24939702
217	1.57106558	1.57137244
218	1.96382185	1.96351076
219	1.96382185	1.96351076
220	1.96382185	1.96351076
221	1.24881962	1.24939702
222	6.30911158	6.32285054
223	1.24881962	1.24939702
224	1.57106558	1.57137244
225	1.24881962	1.24939702
226	1.96382185	1.96351076
227	1.57106558	1.57137244
228	1.24881962	1.24939702
229	1.96382185	1.96351076
230	1.81565867	1.81569338
231	1.96382185	1.96351076
232	1.24881962	1.24939702
233	4.70487484	4.71316792
234	7.84955036	7.84871983
235	1.24881962	1.24939702
236	1.24881962	1.24939702
237	4.54850753	4.55440786
238	1.57106558	1.57137244
239	1.81565867	1.81569338
240	1.81565867	1.81569338
241	1.81565867	1.81569338
242	1.24881962	1.24939702
243	1.96382185	1.96351076
244	1.57106558	1.57137244
245	1.24881962	1.24939702
246	1.24881962	1.24939702
247	1.81565867	1.81569338
248	4.83244836	4.83684050
249	1.24881962	1.24939702
250	1.24881962	1.24939702
251	1.57106558	1.57137244
252	1.96382185	1.96351076
253	1.24881962	1.24939702
254	1.24881962	1.24939702
255	1.24881962	1.24939702
256	1.96382185	1.96351076
257	1.81565867	1.81569338
258	1.81565867	1.81569338
259	4.70487484	4.71316792
260	1.24881962	1.24939702
261	1.24881962	1.24939702
262	1.57106558	1.57137244
263	1.81565867	1.81569338
264	1.24881962	1.24939702
265	1.24881962	1.24939702
266	1.96382185	1.96351076
267	1.57106558	1.57137244
268	6.96456368	6.89321596
269	1.24881962	1.24939702
270	4.70487484	4.71316792
271	4.63791199	4.64238779
272	1.57106558	1.57137244
273	4.52097175	4.53027514
274	1.24881962	1.24939702
275	4.83244836	4.83684050
276	1.57106558	1.57137244
277	1.57106558	1.57137244
278	5.84432639	5.82672682
279	5.76296913	5.77268117
280	1.24881962	1.24939702
281	1.96382185	1.96351076
282	1.96382185	1.96351076
283	1.96382185	1.96351076
284	4.70487484	4.71316792
285	1.81565867	1.81569338
286	1.96382185	1.96351076
287	1.96382185	1.96351076
288	1.81565867	1.81569338
289	1.57106558	1.57137244
290	1.24881962	1.24939702
291	1.24881962	1.24939702
292	5.13680679	5.12335104
293	1.81565867	1.81569338
294	1.81565867	1.81569338
295	1.57106558	1.57137244
296	1.96382185	1.96351076
297	1.81565867	1.81569338
298	1.96382185	1.96351076
299	1.57106558	1.57137244
300	1.57106558	1.57137244
301	1.24881962	1.24939702
302	1.96382185	1.96351076
303	1.57106558	1.57137244
304	5.76296913	5.77268117
305	1.24881962	1.24939702
306	1.57106558	1.57137244
307	1.57106558	1.57137244
308	1.96382185	1.96351076
309	1.57106558	1.57137244
310	1.96382185	1.96351076
311	1.96382185	1.96351076
312	1.81565867	1.81569338
313	1.57106558	1.57137244
314	1.24881962	1.24939702
315	4.38142560	4.38854245
316	1.24881962	1.24939702
317	1.57106558	1.57137244
318	1.96382185	1.96351076
319	1.24881962	1.24939702
320	1.81565867	1.81569338
321	1.81565867	1.81569338
322	1.24881962	1.24939702
323	4.83244836	4.83684050
324	1.57106558	1.57137244
325	1.57106558	1.57137244
326	1.57106558	1.57137244
327	5.81715422	5.80836245
328	1.24881962	1.24939702
329	1.96382185	1.96351076
330	5.64416069	5.61830301
331	5.22671994	5.21290251
332	1.24881962	1.24939702
333	1.24881962	1.24939702
334	1.81565867	1.81569338
335	1.24881962	1.24939702
336	1.96382185	1.96351076
337	1.24881962	1.24939702
338	5.94077289	5.91688294
339	9.09468169	9.08610750
340	6.42241882	6.44634604
341	1.57106558	1.57137244
342	1.96382185	1.96351076
343	1.96382185	1.96351076
344	1.57106558	1.57137244
345	1.96382185	1.96351076
346	1.81565867	1.81569338
347	1.24881962	1.24939702
348	4.83244836	4.83684050
349	1.24881962	1.24939702
350	1.96382185	1.96351076
351	1.24881962	1.24939702
352	1.96382185	1.96351076
353	1.81565867	1.81569338
354	1.96382185	1.96351076
355	1.81565867	1.81569338
356	1.81565867	1.81569338
357	1.81565867	1.81569338
358	1.81565867	1.81569338
359	1.24881962	1.24939702
360	1.96382185	1.96351076
361	1.24881962	1.24939702
362	3.89969771	3.90942282
363	3.89969771	3.90942282
364	3.89969771	3.90942282
365	1.54762107	1.54727961
366	5.96394742	5.94790431
367	1.57106558	1.57137244
368	1.57106558	1.57137244
369	1.57106558	1.57137244
370	4.38142560	4.38854245
371	1.24881962	1.24939702
372	1.24881962	1.24939702
373	1.81565867	1.81569338
374	1.24881962	1.24939702
375	1.24881962	1.24939702
376	1.24881962	1.24939702
377	1.96382185	1.96351076
378	1.57106558	1.57137244
379	1.81565867	1.81569338
380	1.24881962	1.24939702
381	1.24881962	1.24939702
382	4.63791199	4.64238779
383	5.81715422	5.80836245
384	6.63885369	6.80833614
385	4.52097175	4.53027514
386	4.54850753	4.55440786
387	1.24881962	1.24939702
388	4.38142560	4.38854245
389	1.57106558	1.57137244
390	4.52097175	4.53027514
391	4.80366340	4.80846910
392	1.24881962	1.24939702
393	1.96382185	1.96351076
394	1.81565867	1.81569338
395	4.52097175	4.53027514
396	1.96382185	1.96351076
397	1.81565867	1.81569338
398	1.24881962	1.24939702
399	4.83244836	4.83684050
400	1.24881962	1.24939702
401	1.24881962	1.24939702
402	1.24881962	1.24939702
403	1.24881962	1.24939702
404	1.57106558	1.57137244
405	1.81565867	1.81569338
406	4.54850753	4.55440786
407	7.31329584	7.29337064
408	4.63791199	4.64238779
409	1.96382185	1.96351076
410	6.70172636	6.67520792
411	1.81565867	1.81569338
412	5.02465091	5.02981456
413	5.81715422	5.80836245
414	5.94923841	5.96491712
415	1.24881962	1.24939702
416	6.32624133	6.33105846
417	1.24881962	1.24939702
418	1.24881962	1.24939702
419	1.24881962	1.24939702
420	1.24881962	1.24939702
421	1.81565867	1.81569338
422	1.24881962	1.24939702
423	6.07673732	6.09167949
424	1.24881962	1.24939702
425	1.57106558	1.57137244
426	1.81565867	1.81569338
427	1.24881962	1.24939702
428	1.57106558	1.57137244
429	1.96382185	1.96351076
430	1.24881962	1.24939702
431	1.24881962	1.24939702
432	1.24881962	1.24939702
433	1.96382185	1.96351076
434	1.81565867	1.81569338
435	1.96382185	1.96351076
436	1.96382185	1.96351076
437	1.57106558	1.57137244
438	1.81565867	1.81569338
439	1.81565867	1.81569338
440	1.81565867	1.81569338
441	1.24881962	1.24939702
442	1.24881962	1.24939702
443	6.42241882	6.44634604
444	1.24881962	1.24939702
445	6.62678624	6.61960353
446	5.81715422	5.80836245
447	1.81565867	1.81569338
448	1.57106558	1.57137244
449	1.81565867	1.81569338
450	1.96382185	1.96351076
451	1.24881962	1.24939702
452	1.24881962	1.24939702
453	6.62911643	6.61859730
454	1.24881962	1.24939702
455	1.57106558	1.57137244
456	1.24881962	1.24939702
457	1.57106558	1.57137244
458	1.24881962	1.24939702
459	1.24881962	1.24939702
460	1.81565867	1.81569338
461	1.24881962	1.24939702
462	1.96382185	1.96351076
463	1.57106558	1.57137244
464	1.81565867	1.81569338
465	4.63791199	4.64238779
466	5.77034413	5.73646460
467	1.96382185	1.96351076
468	1.24881962	1.24939702
469	1.57106558	1.57137244
470	1.57106558	1.57137244
471	1.57106558	1.57137244
472	1.24881962	1.24939702
473	1.24881962	1.24939702
474	1.24881962	1.24939702
475	1.57106558	1.57137244
476	1.81565867	1.81569338
477	1.96382185	1.96351076
478	1.96382185	1.96351076
479	1.96382185	1.96351076
480	1.24881962	1.24939702
481	1.81565867	1.81569338
482	1.81565867	1.81569338
483	1.24881962	1.24939702
484	1.96382185	1.96351076
485	1.24881962	1.24939702
486	1.81565867	1.81569338
487	1.24881962	1.24939702
488	1.57106558	1.57137244
489	1.57106558	1.57137244
490	1.57106558	1.57137244
491	1.57106558	1.57137244
492	1.24881962	1.24939702
493	1.57106558	1.57137244
494	1.81565867	1.81569338
495	1.24881962	1.24939702
496	1.81565867	1.81569338
497	1.96382185	1.96351076
498	1.57106558	1.57137244
499	5.64416069	5.61830301
500	4.52097175	4.53027514
501	1.24881962	1.24939702
502	1.96382185	1.96351076
503	1.57106558	1.57137244
504	1.57106558	1.57137244
505	1.57106558	1.57137244
506	1.81565867	1.81569338
507	1.24881962	1.24939702
508	1.24881962	1.24939702
509	1.24881962	1.24939702
510	1.57106558	1.57137244
511	5.94923841	5.96491712
512	1.81565867	1.81569338
513	4.54850753	4.55440786
514	1.24881962	1.24939702
515	1.24881962	1.24939702
516	1.57106558	1.57137244
517	1.24881962	1.24939702
518	1.96382185	1.96351076
519	1.81565867	1.81569338
520	4.52097175	4.53027514
521	4.83244836	4.83684050
522	1.24881962	1.24939702
523	1.24881962	1.24939702
524	1.81565867	1.81569338
525	6.74074203	6.67499300
526	1.24881962	1.24939702
527	1.24881962	1.24939702
528	1.57106558	1.57137244
529	1.24881962	1.24939702
530	1.24881962	1.24939702
531	7.46801159	7.50852032
532	1.24881962	1.24939702
533	1.57106558	1.57137244
534	1.81565867	1.81569338
535	1.96382185	1.96351076
536	1.57106558	1.57137244
537	1.81565867	1.81569338
538	1.57106558	1.57137244
539	1.96382185	1.96351076
540	1.57106558	1.57137244
541	1.57106558	1.57137244
542	1.24881962	1.24939702
543	1.96382185	1.96351076
544	1.24881962	1.24939702
545	1.24881962	1.24939702
546	1.57106558	1.57137244
547	1.24881962	1.24939702
548	1.57106558	1.57137244
549	1.81565867	1.81569338
550	1.24881962	1.24939702
551	1.57106558	1.57137244
552	1.96382185	1.96351076
553	1.24881962	1.24939702
554	1.96382185	1.96351076
555	1.57106558	1.57137244
556	6.17972755	6.17668541
557	1.24881962	1.24939702
558	1.57106558	1.57137244
559	1.24881962	1.24939702
560	1.96382185	1.96351076
561	1.57106558	1.57137244
562	1.81565867	1.81569338
563	1.81565867	1.81569338
564	1.24881962	1.24939702
565	1.24881962	1.24939702
566	1.24881962	1.24939702
567	1.24881962	1.24939702
568	6.17972755	6.17668541
569	1.81565867	1.81569338
570	1.57106558	1.57137244
571	1.24881962	1.24939702
572	1.24881962	1.24939702
573	1.24881962	1.24939702
574	1.96382185	1.96351076
575	1.96382185	1.96351076
576	1.24881962	1.24939702
577	1.57106558	1.57137244
578	1.57106558	1.57137244
579	1.81565867	1.81569338
580	1.96382185	1.96351076
581	1.96382185	1.96351076
582	1.57106558	1.57137244
583	1.96382185	1.96351076
584	1.96382185	1.96351076
585	1.81565867	1.81569338
586	1.96382185	1.96351076
587	1.57106558	1.57137244
588	1.81565867	1.81569338
589	1.81565867	1.81569338
590	1.57106558	1.57137244
591	1.24881962	1.24939702
592	6.29981536	6.29615279
593	1.24881962	1.24939702
594	5.13680679	5.12335104
595	1.57106558	1.57137244
596	1.57106558	1.57137244
597	5.44265426	5.41876782
598	5.13680679	5.12335104
599	1.57106558	1.57137244
600	1.81565867	1.81569338
601	1.24881962	1.24939702
602	1.96382185	1.96351076
603	1.24881962	1.24939702
604	1.96382185	1.96351076
605	1.96382185	1.96351076
606	1.24881962	1.24939702
607	1.96382185	1.96351076
608	1.57106558	1.57137244
609	1.57106558	1.57137244
610	1.81565867	1.81569338
611	1.96382185	1.96351076
612	1.81565867	1.81569338
613	4.52097175	4.53027514
614	1.57106558	1.57137244
615	1.81565867	1.81569338
616	4.80366340	4.80846910
617	1.81565867	1.81569338
618	1.24881962	1.24939702
619	1.24881962	1.24939702
620	1.81565867	1.81569338
621	1.57106558	1.57137244
622	1.96382185	1.96351076
623	1.24881962	1.24939702
624	1.81565867	1.81569338
625	1.24881962	1.24939702
626	1.24881962	1.24939702
627	1.24881962	1.24939702
628	1.57106558	1.57137244
629	1.57106558	1.57137244
630	1.57106558	1.57137244
631	1.57106558	1.57137244
632	1.96382185	1.96351076
633	6.24250929	6.23267570
634	1.81565867	1.81569338
635	1.57106558	1.57137244
636	1.24881962	1.24939702
637	1.24881962	1.24939702
638	1.57106558	1.57137244
639	1.57106558	1.57137244
640	1.81565867	1.81569338
641	1.57106558	1.57137244
642	1.24881962	1.24939702
643	1.57106558	1.57137244
644	1.57106558	1.57137244
645	6.10779085	6.11904177
646	4.38142560	4.38854245
647	1.57106558	1.57137244
648	4.70487484	4.71316792
649	1.57106558	1.57137244
650	1.81565867	1.81569338
651	1.81565867	1.81569338
652	1.96382185	1.96351076
653	1.57106558	1.57137244
654	1.81565867	1.81569338
655	1.57106558	1.57137244
656	1.24881962	1.24939702
657	1.96382185	1.96351076
658	1.57106558	1.57137244
659	1.57106558	1.57137244
660	1.81565867	1.81569338
661	1.24881962	1.24939702
662	1.81565867	1.81569338
663	1.24881962	1.24939702
664	1.81565867	1.81569338
665	1.24881962	1.24939702
666	1.57106558	1.57137244
667	1.57106558	1.57137244
668	1.96382185	1.96351076
669	1.57106558	1.57137244
670	1.57106558	1.57137244
671	1.24881962	1.24939702
672	1.81565867	1.81569338
673	1.57106558	1.57137244
674	1.81565867	1.81569338
675	1.81565867	1.81569338
676	1.57106558	1.57137244
677	1.24881962	1.24939702
678	1.96382185	1.96351076
679	1.57106558	1.57137244
680	1.24881962	1.24939702
681	1.24881962	1.24939702
682	1.24881962	1.24939702
683	1.57106558	1.57137244
684	1.57106558	1.57137244
685	1.57106558	1.57137244
686	1.81565867	1.81569338
687	1.96382185	1.96351076
688	1.24881962	1.24939702
689	6.29981536	6.29615279
690	4.80366340	4.80846910
691	1.24881962	1.24939702
692	1.24881962	1.24939702
693	1.96382185	1.96351076
694	1.96382185	1.96351076
695	5.76296913	5.77268117
696	6.42405480	6.43725317
697	1.24881962	1.24939702
698	4.38142560	4.38854245
699	4.83244836	4.83684050
700	1.24881962	1.24939702
701	1.24881962	1.24939702
702	1.96382185	1.96351076
703	1.81565867	1.81569338
704	1.24881962	1.24939702
705	1.24881962	1.24939702
706	1.96382185	1.96351076
707	1.57106558	1.57137244
708	7.08443708	7.06371918
709	1.57106558	1.57137244
710	1.24881962	1.24939702
711	1.24881962	1.24939702
712	5.62567013	5.60385606
713	5.13680679	5.12335104
714	1.24881962	1.24939702
715	1.57106558	1.57137244
716	1.57106558	1.57137244
717	1.57106558	1.57137244
718	1.24881962	1.24939702
719	1.57106558	1.57137244
720	4.80366340	4.80846910
721	1.81565867	1.81569338
722	1.24881962	1.24939702
723	1.24881962	1.24939702
724	6.10779085	6.11904177
725	1.96382185	1.96351076
726	1.24881962	1.24939702
727	1.57106558	1.57137244
728	1.96382185	1.96351076
729	1.81565867	1.81569338
730	1.81565867	1.81569338
731	1.24881962	1.24939702
732	1.96382185	1.96351076
733	1.96382185	1.96351076
734	1.81565867	1.81569338
735	1.57106558	1.57137244
736	1.24881962	1.24939702
737	1.24881962	1.24939702
738	1.96382185	1.96351076
739	1.96382185	1.96351076
740	1.81565867	1.81569338
741	1.96382185	1.96351076
742	1.81565867	1.81569338
743	1.24881962	1.24939702
744	1.96382185	1.96351076
745	1.57106558	1.57137244
746	1.57106558	1.57137244
747	5.76296913	5.77268117
748	1.24881962	1.24939702
749	1.81565867	1.81569338
750	1.96382185	1.96351076
751	4.83244836	4.83684050
752	5.02465091	5.02981456
753	4.80366340	4.80846910
754	1.81565867	1.81569338
755	1.96382185	1.96351076
756	1.96382185	1.96351076
757	8.53537305	8.55004435
758	1.24881962	1.24939702
759	1.24881962	1.24939702
760	1.96382185	1.96351076
761	1.24881962	1.24939702
762	4.63791199	4.64238779
763	1.24881962	1.24939702
764	1.81565867	1.81569338
765	1.96382185	1.96351076
766	1.96382185	1.96351076
767	1.96382185	1.96351076
768	1.57106558	1.57137244
769	1.81565867	1.81569338
770	1.24881962	1.24939702
771	1.57106558	1.57137244
772	1.24881962	1.24939702
773	1.81565867	1.81569338
774	1.81565867	1.81569338
775	1.81565867	1.81569338
776	1.81565867	1.81569338
777	1.57106558	1.57137244
778	1.81565867	1.81569338
779	1.24881962	1.24939702
780	4.38142560	4.38854245
781	10.79042897	10.84783754
782	6.42241882	6.44634604
783	1.57106558	1.57137244
784	1.24881962	1.24939702
785	1.96382185	1.96351076
786	1.24881962	1.24939702
787	1.24881962	1.24939702
788	1.24881962	1.24939702
789	1.24881962	1.24939702
790	5.76296913	5.77268117
791	4.52097175	4.53027514
792	1.24881962	1.24939702
793	1.57106558	1.57137244
794	1.96382185	1.96351076
795	1.24881962	1.24939702
796	1.81565867	1.81569338
797	1.24881962	1.24939702
798	6.07673732	6.09167949
799	1.57106558	1.57137244
800	1.57106558	1.57137244
801	1.57106558	1.57137244
802	1.81565867	1.81569338
803	5.13680679	5.12335104
804	1.24881962	1.24939702
805	1.81565867	1.81569338
806	1.96382185	1.96351076
807	1.24881962	1.24939702
808	1.24881962	1.24939702
809	1.24881962	1.24939702
810	4.54850753	4.55440786
811	6.96456368	6.89321596
812	1.81565867	1.81569338
813	5.94077289	5.91688294
814	1.24881962	1.24939702
815	5.02465091	5.02981456
816	1.30552608	1.30552608
817	1.96382185	1.96351076
818	1.96382185	1.96351076
819	1.81565867	1.81569338
820	7.45333936	7.40048663
821	1.96382185	1.96351076
822	1.24881962	1.24939702
823	1.24881962	1.24939702
824	1.96382185	1.96351076
825	1.96382185	1.96351076
826	6.75532612	6.75342635
827	1.96382185	1.96351076
828	1.96382185	1.96351076
829	1.24881962	1.24939702
830	1.81565867	1.81569338
831	1.81565867	1.81569338
832	1.81565867	1.81569338
833	1.24881962	1.24939702
834	1.96382185	1.96351076
835	1.57106558	1.57137244
836	1.24881962	1.24939702
837	1.96382185	1.96351076
838	1.81565867	1.81569338
839	1.24881962	1.24939702
840	1.24881962	1.24939702
841	1.24881962	1.24939702
842	4.38142560	4.38854245
843	1.81565867	1.81569338
844	1.24881962	1.24939702
845	1.24881962	1.24939702
846	1.96382185	1.96351076
847	1.24881962	1.24939702
848	4.80366340	4.80846910
849	1.81565867	1.81569338
850	1.24881962	1.24939702
851	1.96382185	1.96351076
852	1.24881962	1.24939702
853	1.96382185	1.96351076
854	1.81565867	1.81569338
855	1.96382185	1.96351076
856	1.57106558	1.57137244
857	1.81565867	1.81569338
858	1.81565867	1.81569338
859	1.24881962	1.24939702
860	1.96382185	1.96351076
861	1.81565867	1.81569338
862	1.81565867	1.81569338
863	1.96382185	1.96351076
864	1.24881962	1.24939702
865	1.24881962	1.24939702
866	1.57106558	1.57137244
867	1.24881962	1.24939702
868	5.62567013	5.60385606
869	1.96382185	1.96351076
870	1.96382185	1.96351076
871	1.57106558	1.57137244
872	1.57106558	1.57137244
873	1.57106558	1.57137244
874	1.81565867	1.81569338
875	1.96382185	1.96351076
876	1.24881962	1.24939702
877	1.24881962	1.24939702
878	1.96382185	1.96351076
879	1.57106558	1.57137244
880	1.96382185	1.96351076
881	1.57106558	1.57137244
882	1.96382185	1.96351076
883	1.81565867	1.81569338
884	1.24881962	1.24939702
885	1.57106558	1.57137244
886	1.24881962	1.24939702
887	1.57106558	1.57137244
888	1.24881962	1.24939702
889	1.57106558	1.57137244
890	1.57106558	1.57137244
891	1.96382185	1.96351076
892	1.57106558	1.57137244
893	1.57106558	1.57137244
894	1.57106558	1.57137244
895	1.96382185	1.96351076
896	1.81565867	1.81569338
897	1.57106558	1.57137244
898	1.24881962	1.24939702
899	1.57106558	1.57137244
900	1.57106558	1.57137244
901	1.57106558	1.57137244
902	1.81565867	1.81569338
903	1.57106558	1.57137244
904	4.54850753	4.55440786
905	1.81565867	1.81569338
906	1.57106558	1.57137244
907	1.24881962	1.24939702
908	1.24881962	1.24939702
909	1.96382185	1.96351076
910	4.52097175	4.53027514
911	1.24881962	1.24939702
912	1.81565867	1.81569338
913	1.24881962	1.24939702
914	5.22671994	5.21290251
915	1.81565867	1.81569338
916	1.81565867	1.81569338
917	1.57106558	1.57137244
918	1.24881962	1.24939702
919	4.83244836	4.83684050
920	5.94077289	5.91688294
921	1.96382185	1.96351076
922	5.62567013	5.60385606
923	6.04875676	6.04084823
924	6.72008498	6.70516625
925	5.81715422	5.80836245
926	6.75231280	6.72318765
927	5.13680679	5.12335104
928	1.81565867	1.81569338
929	1.24881962	1.24939702
930	1.24881962	1.24939702
931	1.57106558	1.57137244
932	1.51792509	1.51792509
933	1.81565867	1.81569338
934	1.24881962	1.24939702
935	1.24881962	1.24939702
936	1.24881962	1.24939702
937	10.75010700	10.71628337
938	6.17972755	6.17668541
939	1.57106558	1.57137244
940	4.38142560	4.38854245
941	1.57106558	1.57137244
942	5.13680679	5.12335104
943	1.24881962	1.24939702
944	5.76296913	5.77268117
945	1.96382185	1.96351076
946	1.57106558	1.57137244
947	1.24881962	1.24939702
948	1.81565867	1.81569338
949	6.39137941	6.52801500
950	1.81565867	1.81569338
951	1.24881962	1.24939702
952	1.81565867	1.81569338
953	4.63791199	4.64238779
954	1.81565867	1.81569338
955	1.24881962	1.24939702
956	1.96382185	1.96351076
957	1.24881962	1.24939702
958	5.02465091	5.02981456
959	1.96382185	1.96351076
960	1.24881962	1.24939702
961	1.96382185	1.96351076
962	4.83244836	4.83684050
963	5.44265426	5.41876782
964	1.24881962	1.24939702
965	1.24881962	1.24939702
966	1.96382185	1.96351076
967	1.81565867	1.81569338
968	1.57106558	1.57137244
969	1.96382185	1.96351076
970	1.81565867	1.81569338
971	1.24881962	1.24939702
972	1.24881962	1.24939702
973	1.57106558	1.57137244
974	1.24881962	1.24939702
975	1.81565867	1.81569338
976	1.96382185	1.96351076
977	1.96382185	1.96351076
978	1.81565867	1.81569338
979	1.24881962	1.24939702
980	1.24881962	1.24939702
981	1.96382185	1.96351076
982	4.70487484	4.71316792
983	1.96382185	1.96351076
984	1.81565867	1.81569338
985	1.24881962	1.24939702
986	1.57106558	1.57137244
987	1.81565867	1.81569338
988	1.96382185	1.96351076
989	1.96382185	1.96351076
990	1.24881962	1.24939702
991	1.24881962	1.24939702
992	1.24881962	1.24939702
993	1.96382185	1.96351076
994	1.81565867	1.81569338
995	1.96382185	1.96351076
996	1.57106558	1.57137244
997	4.83244836	4.83684050
998	1.57106558	1.57137244
999	1.81565867	1.81569338
1000	1.81565867	1.81569338
1001	1.96382185	1.96351076
1002	1.96382185	1.96351076
1003	1.24881962	1.24939702
1004	1.57106558	1.57137244
1005	4.80366340	4.80846910
1006	1.24881962	1.24939702
1007	1.24881962	1.24939702
1008	1.57106558	1.57137244
1009	1.57106558	1.57137244
1010	1.24881962	1.24939702
1011	4.80366340	4.80846910
1012	4.63791199	4.64238779
1013	1.96382185	1.96351076
1014	7.03092203	7.02992129
1015	1.96382185	1.96351076
1016	1.81565867	1.81569338
1017	1.24881962	1.24939702
1018	1.96382185	1.96351076
1019	1.57106558	1.57137244
1020	1.81565867	1.81569338
1021	1.81565867	1.81569338
1022	1.24881962	1.24939702
1023	1.24881962	1.24939702
1024	4.54850753	4.55440786
1025	1.24881962	1.24939702
1026	5.76296913	5.77268117
1027	1.24881962	1.24939702
1028	1.24881962	1.24939702
1029	1.24881962	1.24939702
1030	1.96382185	1.96351076
1031	1.57106558	1.57137244
1032	1.24881962	1.24939702
1033	1.57106558	1.57137244
1034	1.57106558	1.57137244
1035	1.57106558	1.57137244
1036	5.94077289	5.91688294
1037	5.94077289	5.91688294
1038	1.57106558	1.57137244
1039	1.81565867	1.81569338
1040	1.81565867	1.81569338
1041	1.24881962	1.24939702
1042	1.57106558	1.57137244
1043	1.24881962	1.24939702
1044	1.57106558	1.57137244
1045	5.13680679	5.12335104
1046	4.52097175	4.53027514
1047	5.94077289	5.91688294
1048	1.96382185	1.96351076
1049	1.96382185	1.96351076
1050	1.24881962	1.24939702
1051	1.96382185	1.96351076
1052	1.24881962	1.24939702
1053	1.81565867	1.81569338
1054	1.81565867	1.81569338
1055	1.81565867	1.81569338
1056	1.57106558	1.57137244
1057	1.24881962	1.24939702
1058	1.24881962	1.24939702
1059	5.22671994	5.21290251
1060	1.81565867	1.81569338
1061	5.33244053	5.33424114
1062	1.24881962	1.24939702
1063	1.24881962	1.24939702
1064	1.57106558	1.57137244
1065	4.70487484	4.71316792
1066	1.81565867	1.81569338
1067	1.96382185	1.96351076
1068	1.24881962	1.24939702
1069	1.57106558	1.57137244
1070	1.57106558	1.57137244
1071	11.08691644	11.04018689
1072	1.57106558	1.57137244
1073	4.52097175	4.53027514
1074	1.57106558	1.57137244
1075	1.81565867	1.81569338
1076	1.96382185	1.96351076
1077	1.24881962	1.24939702
1078	1.96382185	1.96351076
1079	1.57106558	1.57137244
1080	10.02343135	9.93567785
1081	1.24881962	1.24939702
1082	1.24881962	1.24939702
1083	8.18098225	8.11842118
1084	1.57106558	1.57137244
1085	1.57106558	1.57137244
1086	1.81565867	1.81569338
1087	1.24881962	1.24939702
1088	1.96382185	1.96351076
1089	1.57106558	1.57137244
1090	1.57106558	1.57137244
1091	1.57106558	1.57137244
1092	1.57106558	1.57137244
1093	4.83244836	4.83684050
1094	1.24881962	1.24939702
1095	1.24881962	1.24939702
1096	4.38142560	4.38854245
1097	1.57106558	1.57137244
1098	6.17972755	6.17668541
1099	10.34522902	10.31238299
1100	6.42515206	6.42276709
1101	6.29981536	6.29615279
1102	1.57106558	1.57137244
1103	6.17972755	6.17668541
1104	1.24881962	1.24939702
1105	5.76296913	5.77268117
1106	7.45333936	7.40048663
1107	6.75231280	6.72318765
1108	1.81565867	1.81569338
1109	1.24881962	1.24939702
1110	1.57106558	1.57137244
1111	1.81565867	1.81569338
1112	1.24881962	1.24939702
1113	4.38142560	4.38854245
1114	1.57106558	1.57137244
1115	1.24881962	1.24939702
1116	6.07673732	6.09167949
1117	4.63791199	4.64238779
1118	1.51792509	1.51792509
1119	1.24881962	1.24939702
1120	1.24881962	1.24939702
1121	1.57106558	1.57137244
1122	8.11697513	8.08000010
1123	1.81565867	1.81569338
1124	4.52097175	4.53027514
1125	1.24881962	1.24939702
1126	6.07673732	6.09167949
1127	5.44265426	5.41876782
1128	1.57106558	1.57137244
1129	1.24881962	1.24939702
1130	1.24881962	1.24939702
1131	1.24881962	1.24939702
1132	1.57106558	1.57137244
1133	1.57106558	1.57137244
1134	1.24881962	1.24939702
1135	1.81565867	1.81569338
1136	1.81565867	1.81569338
1137	4.70487484	4.71316792
1138	1.24881962	1.24939702
1139	1.57106558	1.57137244
1140	1.57106558	1.57137244
1141	1.57106558	1.57137244
1142	4.63791199	4.64238779
1143	6.24250929	6.23267570
1144	4.83244836	4.83684050
1145	5.13680679	5.12335104
1146	1.24881962	1.24939702
1147	1.24881962	1.24939702
1148	1.24881962	1.24939702
1149	1.96382185	1.96351076
1150	1.81565867	1.81569338
1151	1.24881962	1.24939702
1152	1.81565867	1.81569338
1153	1.24881962	1.24939702
1154	1.96382185	1.96351076
1155	1.96382185	1.96351076
1156	1.57106558	1.57137244
1157	1.96382185	1.96351076
1158	1.24881962	1.24939702
1159	1.81565867	1.81569338
1160	1.24881962	1.24939702
1161	1.96382185	1.96351076
1162	1.24881962	1.24939702
1163	1.24881962	1.24939702
1164	1.24881962	1.24939702
1165	1.81565867	1.81569338
1166	1.81565867	1.81569338
1167	5.62567013	5.60385606
1168	1.30552608	1.30552608
1169	9.20873632	9.19823419
1170	1.24881962	1.24939702
1171	1.24881962	1.24939702
1172	11.87567196	11.46419904
1173	5.44265426	5.41876782
1174	6.60787970	6.59006482
1175	1.96382185	1.96351076
1176	1.96382185	1.96351076
1177	1.57106558	1.57137244
1178	1.96382185	1.96351076
1179	1.57106558	1.57137244
1180	1.24881962	1.24939702
1181	1.24881962	1.24939702
1182	1.81565867	1.81569338
1183	1.24881962	1.24939702
1184	1.96382185	1.96351076
1185	1.24881962	1.24939702
1186	5.97920232	5.99222733
1187	4.83244836	4.83684050
1188	5.13680679	5.12335104
1189	1.24881962	1.24939702
1190	1.96382185	1.96351076
1191	1.81565867	1.81569338
1192	1.24881962	1.24939702
1193	1.57106558	1.57137244
1194	1.57106558	1.57137244
1195	1.96382185	1.96351076
1196	1.57106558	1.57137244
1197	1.24881962	1.24939702
1198	1.24881962	1.24939702
1199	1.96382185	1.96351076
1200	1.96382185	1.96351076
1201	1.96382185	1.96351076
1202	1.24881962	1.24939702
1203	1.24881962	1.24939702
1204	1.24881962	1.24939702
1205	1.96382185	1.96351076
1206	1.24881962	1.24939702
1207	1.81565867	1.81569338
1208	1.96382185	1.96351076
1209	9.49606788	10.25767591
1210	5.13680679	5.12335104
1211	4.83244836	4.83684050
1212	7.54496449	7.52283194
1213	4.63791199	4.64238779
1214	7.34665129	7.33982039
1215	1.57106558	1.57137244
1216	1.57106558	1.57137244
1217	1.24881962	1.24939702
1218	1.24881962	1.24939702
1219	1.96382185	1.96351076
1220	1.57106558	1.57137244
1221	1.24881962	1.24939702
1222	6.39137941	6.52801500
1223	5.77034413	5.73646460
1224	1.24881962	1.24939702
1225	8.67889696	8.72114201
1226	1.24881962	1.24939702
1227	5.73483931	5.74649738
1228	1.24881962	1.24939702
1229	1.96382185	1.96351076
1230	1.57106558	1.57137244
1231	1.24881962	1.24939702
1232	1.24881962	1.24939702
1233	4.80366340	4.80846910
1234	1.96382185	1.96351076
1235	1.24881962	1.24939702
1236	5.22671994	5.21290251
1237	6.75532612	6.75342635
1238	1.24881962	1.24939702
1239	1.24881962	1.24939702
1240	1.57106558	1.57137244
1241	1.57106558	1.57137244
1242	1.57106558	1.57137244
1243	1.57106558	1.57137244
1244	1.81565867	1.81569338
1245	6.30911158	6.32285054
1246	1.81565867	1.81569338
1247	1.24881962	1.24939702
1248	1.57106558	1.57137244
1249	1.57106558	1.57137244
1250	1.81565867	1.81569338
1251	1.81565867	1.81569338
1252	6.72008498	6.70516625
1253	4.70487484	4.71316792
1254	1.96382185	1.96351076
1255	1.57106558	1.57137244
1256	1.24881962	1.24939702
1257	1.81565867	1.81569338
1258	1.24881962	1.24939702
1259	1.24881962	1.24939702
1260	1.81565867	1.81569338
1261	1.96382185	1.96351076
1262	1.24881962	1.24939702
1263	1.24881962	1.24939702
1264	1.81565867	1.81569338
1265	1.81565867	1.81569338
1266	1.24881962	1.24939702
1267	1.24881962	1.24939702
1268	1.57106558	1.57137244
1269	1.81565867	1.81569338
1270	1.24881962	1.24939702
1271	1.96382185	1.96351076
1272	1.24881962	1.24939702
1273	5.81715422	5.80836245
1274	1.24881962	1.24939702
1275	5.13680679	5.12335104
1276	1.24881962	1.24939702
1277	1.24881962	1.24939702
1278	1.57106558	1.57137244
1279	1.81565867	1.81569338
1280	1.81565867	1.81569338
1281	6.75532612	6.75342635
1282	1.96382185	1.96351076
1283	1.57106558	1.57137244
1284	1.24881962	1.24939702
1285	1.24881962	1.24939702
1286	8.21408938	8.06417426
1287	1.96382185	1.96351076
1288	1.24881962	1.24939702
1289	1.96382185	1.96351076
1290	4.63791199	4.64238779
1291	9.09468169	9.08610750
1292	1.57106558	1.57137244
1293	1.57106558	1.57137244
1294	7.58042211	7.66149456
1295	1.24881962	1.24939702
1296	1.24881962	1.24939702
1297	1.96382185	1.96351076
1298	1.57106558	1.57137244
1299	4.70487484	4.71316792
1300	1.24881962	1.24939702
1301	1.24881962	1.24939702
1302	1.96382185	1.96351076
1303	1.24881962	1.24939702
1304	8.53537305	8.55004435
1305	1.57106558	1.57137244
1306	1.57106558	1.57137244
1307	1.57106558	1.57137244
1308	1.57106558	1.57137244
1309	1.96382185	1.96351076
1310	1.24881962	1.24939702
1311	1.24881962	1.24939702
1312	1.24881962	1.24939702
1313	1.57106558	1.57137244
1314	1.57106558	1.57137244
1315	1.24881962	1.24939702
1316	1.96382185	1.96351076
1317	1.24881962	1.24939702
1318	1.57106558	1.57137244
1319	1.96382185	1.96351076
1320	1.24881962	1.24939702
1321	1.96382185	1.96351076
1322	1.57106558	1.57137244
1323	1.81565867	1.81569338
1324	1.24881962	1.24939702
1325	1.57106558	1.57137244
1326	1.57106558	1.57137244
1327	4.70487484	4.71316792
1328	1.24881962	1.24939702
1329	6.49711661	6.48856082
1330	5.02465091	5.02981456
1331	1.24881962	1.24939702
1332	1.24881962	1.24939702
1333	1.57106558	1.57137244
1334	5.81715422	5.80836245
1335	1.96382185	1.96351076
1336	1.57106558	1.57137244
1337	1.81565867	1.81569338
1338	4.63791199	4.64238779
1339	1.24881962	1.24939702
1340	1.24881962	1.24939702
1341	1.24881962	1.24939702
1342	1.96382185	1.96351076
1343	1.24881962	1.24939702
1344	1.96382185	1.96351076
1345	1.57106558	1.57137244
1346	4.83244836	4.83684050
1347	1.57106558	1.57137244
1348	1.24881962	1.24939702
1349	1.57106558	1.57137244
1350	1.57106558	1.57137244
1351	1.57106558	1.57137244
1352	1.96382185	1.96351076
1353	1.81565867	1.81569338
1354	1.57106558	1.57137244
1355	1.81565867	1.81569338
1356	1.24881962	1.24939702
1357	1.81565867	1.81569338
1358	1.96382185	1.96351076
1359	1.81565867	1.81569338
1360	4.83244836	4.83684050
1361	1.96382185	1.96351076
1362	1.57106558	1.57137244
1363	1.24881962	1.24939702
1364	1.24881962	1.24939702
1365	1.24881962	1.24939702
1366	1.24881962	1.24939702
1367	1.81565867	1.81569338
1368	1.24881962	1.24939702
1369	1.96382185	1.96351076
1370	1.81565867	1.81569338
1371	1.96382185	1.96351076
1372	1.96382185	1.96351076
1373	1.96382185	1.96351076
1374	1.24881962	1.24939702
1375	1.24881962	1.24939702
1376	1.96382185	1.96351076
1377	1.24881962	1.24939702
1378	1.81565867	1.81569338
1379	1.81565867	1.81569338
1380	6.29981536	6.29615279
1381	6.99764902	6.93927655
1382	1.81565867	1.81569338
1383	4.83244836	4.83684050
1384	1.96382185	1.96351076
1385	1.96382185	1.96351076
1386	7.03092203	7.02992129
1387	6.49711661	6.48856082
1388	1.96382185	1.96351076
1389	1.24881962	1.24939702
1390	1.96382185	1.96351076
1391	1.96382185	1.96351076
1392	4.38142560	4.38854245
1393	1.96382185	1.96351076
1394	1.24881962	1.24939702
1395	1.57106558	1.57137244
1396	1.24881962	1.24939702
1397	1.24881962	1.24939702
1398	4.63791199	4.64238779
1399	1.57106558	1.57137244
1400	1.57106558	1.57137244
1401	7.03092203	7.02992129
1402	6.49711661	6.48856082
1403	5.76296913	5.77268117
1404	1.57106558	1.57137244
1405	1.96382185	1.96351076
1406	1.24881962	1.24939702
1407	1.96382185	1.96351076
1408	1.57106558	1.57137244
1409	1.57106558	1.57137244
1410	1.81565867	1.81569338
1411	1.96382185	1.96351076
1412	1.96382185	1.96351076
1413	4.52097175	4.53027514
1414	1.96382185	1.96351076
1415	1.24881962	1.24939702
1416	1.81565867	1.81569338
1417	1.24881962	1.24939702
1418	1.96382185	1.96351076
1419	1.57106558	1.57137244
1420	1.81565867	1.81569338
1421	1.96382185	1.96351076
1422	1.96382185	1.96351076
1423	1.81565867	1.81569338
1424	1.81565867	1.81569338
1425	1.96382185	1.96351076
1426	1.81565867	1.81569338
1427	1.57106558	1.57137244
1428	1.57106558	1.57137244
1429	1.24881962	1.24939702
1430	1.24881962	1.24939702
1431	1.96382185	1.96351076
1432	1.24881962	1.24939702
1433	6.39137941	6.52801500
1434	1.24881962	1.24939702
1435	1.96382185	1.96351076
1436	1.24881962	1.24939702
1437	1.24881962	1.24939702
1438	1.81565867	1.81569338
1439	1.57106558	1.57137244
1440	1.81565867	1.81569338
1441	1.81565867	1.81569338
1442	1.24881962	1.24939702
1443	1.96382185	1.96351076
1444	1.81565867	1.81569338
1445	1.81565867	1.81569338
1446	1.57106558	1.57137244
1447	1.24881962	1.24939702
1448	1.24881962	1.24939702
1449	1.57106558	1.57137244
1450	1.81565867	1.81569338
1451	1.81565867	1.81569338
1452	1.81565867	1.81569338
1453	1.24881962	1.24939702
1454	1.24881962	1.24939702
1455	1.24881962	1.24939702
1456	1.81565867	1.81569338
1457	4.52097175	4.53027514
1458	1.81565867	1.81569338
1459	6.07673732	6.09167949
1460	1.57106558	1.57137244
1461	4.54850753	4.55440786
1462	6.72008498	6.70516625
1463	4.63791199	4.64238779
1464	4.38142560	4.38854245
1465	1.24881962	1.24939702
1466	1.96382185	1.96351076
1467	1.24881962	1.24939702
1468	4.83244836	4.83684050
1469	4.54850753	4.55440786
1470	1.57106558	1.57137244
1471	1.57106558	1.57137244
1472	4.64990258	4.66402780
1473	5.90615514	5.91328511
1474	1.24881962	1.24939702
1475	1.24881962	1.24939702
1476	1.81565867	1.81569338
1477	1.57106558	1.57137244
1478	4.38142560	4.38854245
1479	6.32624133	6.33105846
1480	1.57106558	1.57137244
1481	6.96456368	6.89321596
1482	6.42405480	6.43725317
1483	1.96382185	1.96351076
1484	1.81565867	1.81569338
1485	1.24881962	1.24939702
1486	1.24881962	1.24939702
1487	1.24881962	1.24939702
1488	1.81565867	1.81569338
1489	1.81565867	1.81569338
1490	1.81565867	1.81569338
1491	1.24881962	1.24939702
1492	1.24881962	1.24939702
1493	1.57106558	1.57137244
1494	1.81565867	1.81569338
1495	1.96382185	1.96351076
1496	4.70487484	4.71316792
1497	1.81565867	1.81569338
1498	1.24881962	1.24939702
1499	1.96382185	1.96351076
1500	1.81565867	1.81569338
1501	1.57106558	1.57137244
1502	5.22671994	5.21290251
1503	1.24881962	1.24939702
1504	1.24881962	1.24939702
1505	1.24881962	1.24939702
1506	1.96382185	1.96351076
1507	1.24881962	1.24939702
1508	1.96382185	1.96351076
1509	1.96382185	1.96351076
1510	1.24881962	1.24939702
1511	1.24881962	1.24939702
1512	1.57106558	1.57137244
1513	1.24881962	1.24939702
1514	1.96382185	1.96351076
1515	1.57106558	1.57137244
1516	1.81565867	1.81569338
1517	1.57106558	1.57137244
1518	1.81565867	1.81569338
1519	1.81565867	1.81569338
1520	1.81565867	1.81569338
1521	7.84662159	7.81578333
1522	1.96382185	1.96351076
1523	1.24881962	1.24939702
1524	1.57106558	1.57137244
1525	6.24250929	6.23267570
1526	1.57106558	1.57137244
1527	1.81565867	1.81569338
1528	1.24881962	1.24939702
1529	1.96382185	1.96351076
1530	1.96382185	1.96351076
1531	1.24881962	1.24939702
1532	1.24881962	1.24939702
1533	1.24881962	1.24939702
1534	1.24881962	1.24939702
1535	1.24881962	1.24939702
1536	1.24881962	1.24939702
1537	1.57106558	1.57137244
1538	1.57106558	1.57137244
1539	1.81565867	1.81569338
1540	1.81565867	1.81569338
1541	5.62567013	5.60385606
1542	7.03092203	7.02992129
1543	1.24881962	1.24939702
1544	6.07673732	6.09167949
1545	1.24881962	1.24939702
1546	1.96382185	1.96351076
1547	7.51803956	7.45743197
1548	1.96382185	1.96351076
1549	1.24881962	1.24939702
1550	1.96382185	1.96351076
1551	1.81565867	1.81569338
1552	1.24881962	1.24939702
1553	1.24881962	1.24939702
1554	1.24881962	1.24939702
1555	1.24881962	1.24939702
1556	1.24881962	1.24939702
1557	4.63791199	4.64238779
1558	4.70487484	4.71316792
1559	9.96485614	9.90515595
1560	4.70487484	4.71316792
1561	1.24881962	1.24939702
1562	4.83244836	4.83684050
1563	8.11697513	8.08000010
1564	5.81715422	5.80836245
1565	1.57106558	1.57137244
1566	1.57106558	1.57137244
1567	1.57106558	1.57137244
1568	1.24881962	1.24939702
1569	1.81565867	1.81569338
1570	1.24881962	1.24939702
1571	1.96382185	1.96351076
1572	1.81565867	1.81569338
1573	8.25899076	8.23858640
1574	1.96382185	1.96351076
1575	1.96382185	1.96351076
1576	1.57106558	1.57137244
1577	1.57106558	1.57137244
1578	4.70487484	4.71316792
1579	1.24881962	1.24939702
1580	1.24881962	1.24939702
1581	1.24881962	1.24939702
1582	1.24881962	1.24939702
1583	1.96382185	1.96351076
1584	1.57106558	1.57137244
1585	1.24881962	1.24939702
1586	1.96382185	1.96351076
1587	1.57106558	1.57137244
1588	1.57106558	1.57137244
1589	1.24881962	1.24939702
1590	4.54850753	4.55440786
1591	1.57106558	1.57137244
1592	1.24881962	1.24939702
1593	1.24881962	1.24939702
1594	1.81565867	1.81569338
1595	1.81565867	1.81569338
1596	1.24881962	1.24939702
1597	1.24881962	1.24939702
1598	1.96382185	1.96351076
1599	1.24881962	1.24939702
1600	1.24881962	1.24939702
1601	1.24881962	1.24939702
1602	1.96382185	1.96351076
1603	1.57106558	1.57137244
1604	1.96382185	1.96351076
1605	1.81565867	1.81569338
1606	1.81565867	1.81569338
1607	1.57106558	1.57137244
1608	1.24881962	1.24939702
1609	1.24881962	1.24939702
1610	1.96382185	1.96351076
1611	1.57106558	1.57137244
1612	1.81565867	1.81569338
1613	1.57106558	1.57137244
1614	4.83244836	4.83684050
1615	1.24881962	1.24939702
1616	1.57106558	1.57137244
1617	1.24881962	1.24939702
1618	1.57106558	1.57137244
1619	5.44265426	5.41876782
1620	10.06378095	10.04103589
1621	10.47691915	10.43160339
1622	6.42515206	6.42276709
1623	11.24417783	11.20166122
1624	10.14222469	10.14877870
1625	7.31329584	7.29337064
1626	1.57106558	1.57137244
1627	9.14606141	9.10211259
1628	7.88389389	7.87798768
1629	1.24881962	1.24939702
1630	5.81715422	5.80836245
1631	7.51803956	7.45743197
1632	1.24881962	1.24939702
1633	1.24881962	1.24939702
1634	1.81565867	1.81569338
1635	6.42515206	6.42276709
1636	1.57106558	1.57137244
1637	1.57106558	1.57137244
1638	1.24881962	1.24939702
1639	1.24881962	1.24939702
1640	1.24881962	1.24939702
1641	1.57106558	1.57137244
1642	1.24881962	1.24939702
1643	6.29981536	6.29615279
1644	1.24881962	1.24939702
1645	8.83999963	8.87249882
1646	4.83244836	4.83684050
1647	1.24881962	1.24939702
1648	1.57106558	1.57137244
1649	5.97920232	5.99222733
1650	1.96382185	1.96351076
1651	1.24881962	1.24939702
1652	1.24881962	1.24939702
1653	1.57106558	1.57137244
1654	1.81565867	1.81569338
1655	1.57106558	1.57137244
1656	1.57106558	1.57137244
1657	1.81565867	1.81569338
1658	5.94923841	5.96491712
1659	5.81715422	5.80836245
1660	1.57106558	1.57137244
1661	6.49711661	6.48856082
1662	1.57106558	1.57137244
1663	1.57106558	1.57137244
1664	6.17972755	6.17668541
1665	5.81715422	5.80836245
1666	1.24881962	1.24939702
1667	1.81565867	1.81569338
1668	1.81565867	1.81569338
1669	1.96382185	1.96351076
1670	1.96382185	1.96351076
1671	1.24881962	1.24939702
1672	1.57106558	1.57137244
1673	1.57106558	1.57137244
1674	1.24881962	1.24939702
1675	1.24881962	1.24939702
1676	1.81565867	1.81569338
1677	1.57106558	1.57137244
1678	1.81565867	1.81569338
1679	1.24881962	1.24939702
1680	1.81565867	1.81569338
1681	6.60221818	6.58948298
1682	4.83244836	4.83684050
1683	4.38142560	4.38854245
1684	4.38142560	4.38854245
1685	4.38142560	4.38854245
1686	5.97920232	5.99222733
1687	1.24881962	1.24939702
1688	1.81565867	1.81569338
1689	1.24881962	1.24939702
1690	1.96382185	1.96351076
1691	1.24881962	1.24939702
1692	1.24881962	1.24939702
1693	1.96382185	1.96351076
1694	1.24881962	1.24939702
1695	5.77034413	5.73646460
1696	7.53771600	7.48386685
1697	4.70487484	4.71316792
1698	1.24881962	1.24939702
1699	1.24881962	1.24939702
1700	1.81565867	1.81569338
1701	1.96382185	1.96351076
1702	1.81565867	1.81569338
1703	1.81565867	1.81569338
1704	1.24881962	1.24939702
1705	1.96382185	1.96351076
1706	1.81565867	1.81569338
1707	1.24881962	1.24939702
1708	1.81565867	1.81569338
1709	1.24881962	1.24939702
1710	1.24881962	1.24939702
1711	1.96382185	1.96351076
1712	1.81565867	1.81569338
1713	1.24881962	1.24939702
1714	1.24881962	1.24939702
1715	1.57106558	1.57137244
1716	4.83244836	4.83684050
1717	1.81565867	1.81569338
1718	1.96382185	1.96351076
1719	1.24881962	1.24939702
1720	1.24881962	1.24939702
1721	1.51792509	1.51792509
1722	1.24881962	1.24939702
1723	6.99764902	6.93927655
1724	1.57106558	1.57137244
1725	1.24881962	1.24939702
1726	1.81565867	1.81569338
1727	1.81565867	1.81569338
1728	1.57106558	1.57137244
1729	1.81565867	1.81569338
1730	1.57106558	1.57137244
1731	1.57106558	1.57137244
1732	4.52097175	4.53027514
1733	1.57106558	1.57137244
1734	4.54850753	4.55440786
1735	1.96382185	1.96351076
1736	1.57106558	1.57137244
1737	1.24881962	1.24939702
1738	1.81565867	1.81569338
1739	1.24881962	1.24939702
1740	1.24881962	1.24939702
1741	4.80366340	4.80846910
1742	1.57106558	1.57137244
1743	1.57106558	1.57137244
1744	1.81565867	1.81569338
1745	6.07673732	6.09167949
1746	4.38142560	4.38854245
1747	7.92574364	7.89106503
1748	1.81565867	1.81569338
1749	1.57106558	1.57137244
1750	1.24881962	1.24939702
1751	1.96382185	1.96351076
1752	1.24881962	1.24939702
1753	5.73483931	5.74649738
1754	5.73483931	5.74649738
1755	1.24881962	1.24939702
1756	1.24881962	1.24939702
1757	1.24881962	1.24939702
1758	1.24881962	1.24939702
1759	8.98118683	8.91631879
1760	1.24881962	1.24939702
1761	6.60221818	6.58948298
1762	4.70487484	4.71316792
1763	9.49412765	9.48390541
1764	7.54287131	7.48752089
1765	4.63791199	4.64238779
1766	1.57106558	1.57137244
1767	1.81565867	1.81569338
1768	1.96382185	1.96351076
1769	4.83244836	4.83684050
1770	1.57106558	1.57137244
1771	1.24881962	1.24939702
1772	4.63791199	4.64238779
1773	1.81565867	1.81569338
1774	1.81565867	1.81569338
1775	1.24881962	1.24939702
1776	1.24881962	1.24939702
1777	1.57106558	1.57137244
1778	1.24881962	1.24939702
1779	5.99266848	5.95126087
1780	4.54850753	4.55440786
1781	5.44265426	5.41876782
1782	5.76296913	5.77268117
1783	1.24881962	1.24939702
1784	1.24881962	1.24939702
1785	1.81565867	1.81569338
1786	1.24881962	1.24939702
1787	1.81565867	1.81569338
1788	8.95301665	8.97458431
1789	4.70487484	4.71316792
1790	1.24881962	1.24939702
1791	7.20976912	7.18772539
1792	1.24881962	1.24939702
1793	1.24881962	1.24939702
1794	6.29981536	6.29615279
1795	6.42241882	6.44634604
1796	1.24881962	1.24939702
1797	1.24881962	1.24939702
1798	1.57106558	1.57137244
1799	7.31329584	7.29337064
1800	4.63791199	4.64238779
1801	1.24881962	1.24939702
1802	5.22671994	5.21290251
1803	1.24881962	1.24939702
1804	1.24881962	1.24939702
1805	5.62567013	5.60385606
1806	5.73483931	5.74649738
1807	4.54850753	4.55440786
1808	1.24881962	1.24939702
1809	4.70487484	4.71316792
1810	1.81565867	1.81569338
1811	1.24881962	1.24939702
1812	1.81565867	1.81569338
1813	1.81565867	1.81569338
1814	4.63791199	4.64238779
1815	1.57106558	1.57137244
1816	1.57106558	1.57137244
1817	1.57106558	1.57137244
1818	8.40073085	8.38197104
1819	1.57106558	1.57137244
1820	6.10779085	6.11904177
1821	1.57106558	1.57137244
1822	1.81565867	1.81569338
1823	1.96382185	1.96351076
1824	1.81565867	1.81569338
1825	6.60221818	6.58948298
1826	1.24881962	1.24939702
1827	1.24881962	1.24939702
1828	4.54850753	4.55440786
1829	1.57106558	1.57137244
1830	1.57106558	1.57137244
1831	1.24881962	1.24939702
1832	1.24881962	1.24939702
1833	1.57106558	1.57137244
1834	1.24881962	1.24939702
1835	4.38142560	4.38854245
1836	1.24881962	1.24939702
1837	1.96382185	1.96351076
1838	1.96382185	1.96351076
1839	1.57106558	1.57137244
1840	1.24881962	1.24939702
1841	1.81565867	1.81569338
1842	1.96382185	1.96351076
1843	1.57106558	1.57137244
1844	5.73483931	5.74649738
1845	1.57106558	1.57137244
1846	1.24881962	1.24939702
1847	6.70172636	6.67520792
1848	6.04875676	6.04084823
1849	1.24881962	1.24939702
1850	1.96382185	1.96351076
1851	1.96382185	1.96351076
1852	1.24881962	1.24939702
1853	1.24881962	1.24939702
1854	1.24881962	1.24939702
1855	1.96382185	1.96351076
1856	1.96382185	1.96351076
1857	1.81565867	1.81569338
1858	1.81565867	1.81569338
1859	5.77034413	5.73646460
1860	1.24881962	1.24939702
1861	1.24881962	1.24939702
1862	1.24881962	1.24939702
1863	1.24881962	1.24939702
1864	1.24881962	1.24939702
1865	1.24881962	1.24939702
1866	1.96382185	1.96351076
1867	1.81565867	1.81569338
1868	1.24881962	1.24939702
1869	1.24881962	1.24939702
1870	1.24881962	1.24939702
1871	1.24881962	1.24939702
1872	1.96382185	1.96351076
1873	1.96382185	1.96351076
1874	1.24881962	1.24939702
1875	1.24881962	1.24939702
1876	1.57106558	1.57137244
1877	1.81565867	1.81569338
1878	1.57106558	1.57137244
1879	1.96382185	1.96351076
1880	1.96382185	1.96351076
1881	1.57106558	1.57137244
1882	1.24881962	1.24939702
1883	1.24881962	1.24939702
1884	1.24881962	1.24939702
1885	4.52097175	4.53027514
1886	8.11697513	8.08000010
1887	4.52097175	4.53027514
1888	4.70487484	4.71316792
1889	1.24881962	1.24939702
1890	1.57106558	1.57137244
1891	1.57106558	1.57137244
1892	1.57106558	1.57137244
1893	1.57106558	1.57137244
1894	1.96382185	1.96351076
1895	1.57106558	1.57137244
1896	1.57106558	1.57137244
1897	1.81565867	1.81569338
1898	1.96382185	1.96351076
1899	1.81565867	1.81569338
1900	1.81565867	1.81569338
1901	1.81565867	1.81569338
1902	1.24881962	1.24939702
1903	1.57106558	1.57137244
1904	1.57106558	1.57137244
1905	1.24881962	1.24939702
1906	1.24881962	1.24939702
1907	1.24881962	1.24939702
1908	1.24881962	1.24939702
1909	1.24881962	1.24939702
1910	1.57106558	1.57137244
1911	1.24881962	1.24939702
1912	1.81565867	1.81569338
1913	1.57106558	1.57137244
1914	1.24881962	1.24939702
1915	1.57106558	1.57137244
1916	1.57106558	1.57137244
1917	1.81565867	1.81569338
1918	1.57106558	1.57137244
1919	1.81565867	1.81569338
1920	1.24881962	1.24939702
1921	1.96382185	1.96351076
1922	1.57106558	1.57137244
1923	1.24881962	1.24939702
1924	1.81565867	1.81569338
1925	5.94923841	5.96491712
1926	1.24881962	1.24939702
1927	1.57106558	1.57137244
1928	1.57106558	1.57137244
1929	1.24881962	1.24939702
1930	1.96382185	1.96351076
1931	1.81565867	1.81569338
1932	1.24881962	1.24939702
1933	1.81565867	1.81569338
1934	1.81565867	1.81569338
1935	1.24881962	1.24939702
1936	1.96382185	1.96351076
1937	1.24881962	1.24939702
1938	1.96382185	1.96351076
1939	1.96382185	1.96351076
1940	1.57106558	1.57137244
1941	1.24881962	1.24939702
1942	1.57106558	1.57137244
1943	1.57106558	1.57137244
1944	1.96382185	1.96351076
1945	1.57106558	1.57137244
1946	1.57106558	1.57137244
1947	1.81565867	1.81569338
1948	1.96382185	1.96351076
1949	1.57106558	1.57137244
1950	1.57106558	1.57137244
1951	1.57106558	1.57137244
1952	7.94540251	7.93472728
1953	1.96382185	1.96351076
1954	1.81565867	1.81569338
1955	1.96382185	1.96351076
1956	1.24881962	1.24939702
1957	1.57106558	1.57137244
1958	1.24881962	1.24939702
1959	6.60221818	6.58948298
1960	7.42121464	7.41507198
1961	5.64416069	5.61830301
1962	1.96382185	1.96351076
1963	1.81565867	1.81569338
1964	1.81565867	1.81569338
1965	6.29981536	6.29615279
1966	1.24881962	1.24939702
1967	1.24881962	1.24939702
1968	1.57106558	1.57137244
1969	1.96382185	1.96351076
1970	1.96382185	1.96351076
1971	1.57106558	1.57137244
1972	1.57106558	1.57137244
1973	1.96382185	1.96351076
1974	1.57106558	1.57137244
1975	1.96382185	1.96351076
1976	1.96382185	1.96351076
1977	1.81565867	1.81569338
1978	1.24881962	1.24939702
1979	1.57106558	1.57137244
1980	1.57106558	1.57137244
1981	1.57106558	1.57137244
1982	1.81565867	1.81569338
1983	4.83244836	4.83684050
1984	1.24881962	1.24939702
1985	1.57106558	1.57137244
1986	1.57106558	1.57137244
1987	1.96382185	1.96351076
1988	1.81565867	1.81569338
1989	1.96382185	1.96351076
1990	1.57106558	1.57137244
1991	1.24881962	1.24939702
1992	1.24881962	1.24939702
1993	1.24881962	1.24939702
1994	1.96382185	1.96351076
1995	1.96382185	1.96351076
1996	1.81565867	1.81569338
1997	1.24881962	1.24939702
1998	1.96382185	1.96351076
1999	1.57106558	1.57137244
2000	1.24881962	1.24939702
2001	1.81565867	1.81569338
2002	1.24881962	1.24939702
2003	1.24881962	1.24939702
2004	1.81565867	1.81569338
2005	1.57106558	1.57137244
2006	1.24881962	1.24939702
2007	1.57106558	1.57137244
2008	1.81565867	1.81569338
2009	1.81565867	1.81569338
2010	1.96382185	1.96351076
2011	1.81565867	1.81569338
2012	1.81565867	1.81569338
2013	1.57106558	1.57137244
2014	4.54850753	4.55440786
2015	1.81565867	1.81569338
2016	1.81565867	1.81569338
2017	1.24881962	1.24939702
2018	1.24881962	1.24939702
2019	1.24881962	1.24939702
2020	1.81565867	1.81569338
2021	5.94077289	5.91688294
2022	5.02465091	5.02981456
2023	1.96382185	1.96351076
2024	1.96382185	1.96351076
2025	1.24881962	1.24939702
2026	1.57106558	1.57137244
2027	5.94923841	5.96491712
2028	5.64416069	5.61830301
2029	1.96382185	1.96351076
2030	1.81565867	1.81569338
2031	1.24881962	1.24939702
2032	1.81565867	1.81569338
2033	1.96382185	1.96351076
2034	1.24881962	1.24939702
2035	1.24881962	1.24939702
2036	1.81565867	1.81569338
2037	1.96382185	1.96351076
2038	1.96382185	1.96351076
2039	1.57106558	1.57137244
2040	1.81565867	1.81569338
2041	1.57106558	1.57137244
2042	1.57106558	1.57137244
2043	1.24881962	1.24939702
2044	1.57106558	1.57137244
2045	1.96382185	1.96351076
2046	1.24881962	1.24939702
2047	1.96382185	1.96351076
2048	1.96382185	1.96351076
2049	1.96382185	1.96351076
2050	1.81565867	1.81569338
2051	1.81565867	1.81569338
2052	5.76296913	5.77268117
2053	4.83244836	4.83684050
2054	5.02465091	5.02981456
2055	1.57106558	1.57137244
2056	1.81565867	1.81569338
2057	1.96382185	1.96351076
2058	1.81565867	1.81569338
2059	1.57106558	1.57137244
2060	1.81565867	1.81569338
2061	1.57106558	1.57137244
2062	1.81565867	1.81569338
2063	1.81565867	1.81569338
2064	1.24881962	1.24939702
2065	1.57106558	1.57137244
2066	1.81565867	1.81569338
2067	1.81565867	1.81569338
2068	1.81565867	1.81569338
2069	6.62678624	6.61960353
2070	5.77034413	5.73646460
2071	1.24881962	1.24939702
2072	1.57106558	1.57137244
2073	1.57106558	1.57137244
2074	1.24881962	1.24939702
2075	1.96382185	1.96351076
2076	1.81565867	1.81569338
2077	1.96382185	1.96351076
2078	1.24881962	1.24939702
2079	1.24881962	1.24939702
2080	1.24881962	1.24939702
2081	1.81565867	1.81569338
2082	1.81565867	1.81569338
2083	1.96382185	1.96351076
2084	1.24881962	1.24939702
2085	1.57106558	1.57137244
2086	1.57106558	1.57137244
2087	1.81565867	1.81569338
2088	6.34179755	6.35091699
2089	4.38142560	4.38854245
2090	1.57106558	1.57137244
2091	1.57106558	1.57137244
2092	1.96382185	1.96351076
2093	1.81565867	1.81569338
2094	1.96382185	1.96351076
2095	1.24881962	1.24939702
2096	1.24881962	1.24939702
2097	1.96382185	1.96351076
2098	1.24881962	1.24939702
2099	1.96382185	1.96351076
2100	1.96382185	1.96351076
2101	1.57106558	1.57137244
2102	1.96382185	1.96351076
2103	1.96382185	1.96351076
2104	7.08443708	7.06371918
2105	1.57106558	1.57137244
2106	1.24881962	1.24939702
2107	1.81565867	1.81569338
2108	1.24881962	1.24939702
2109	1.24881962	1.24939702
2110	1.57106558	1.57137244
2111	5.81715422	5.80836245
2112	5.94923841	5.96491712
2113	1.24881962	1.24939702
2114	7.25829940	7.58769499
2115	1.57106558	1.57137244
2116	1.24881962	1.24939702
2117	1.24881962	1.24939702
2118	1.96382185	1.96351076
2119	1.24881962	1.24939702
2120	1.57106558	1.57137244
2121	1.96382185	1.96351076
2122	1.24881962	1.24939702
2123	1.96382185	1.96351076
2124	1.24881962	1.24939702
2125	1.24881962	1.24939702
2126	1.96382185	1.96351076
2127	1.24881962	1.24939702
2128	1.57106558	1.57137244
2129	1.57106558	1.57137244
2130	1.57106558	1.57137244
2131	1.81565867	1.81569338
2132	1.24881962	1.24939702
2133	1.81565867	1.81569338
2134	1.96382185	1.96351076
2135	1.96382185	1.96351076
2136	1.24881962	1.24939702
2137	1.96382185	1.96351076
2138	1.57106558	1.57137244
2139	1.81565867	1.81569338
2140	1.81565867	1.81569338
2141	4.70487484	4.71316792
2142	1.24881962	1.24939702
2143	4.63791199	4.64238779
2144	1.81565867	1.81569338
2145	5.13680679	5.12335104
2146	6.96456368	6.89321596
2147	1.24881962	1.24939702
2148	4.70487484	4.71316792
2149	5.13680679	5.12335104
2150	1.24881962	1.24939702
2151	4.83244836	4.83684050
2152	1.81565867	1.81569338
2153	1.96382185	1.96351076
2154	1.57106558	1.57137244
2155	1.24881962	1.24939702
2156	1.24881962	1.24939702
2157	5.77034413	5.73646460
2158	4.54850753	4.55440786
2159	1.24881962	1.24939702
2160	6.07673732	6.09167949
2161	6.39137941	6.52801500
2162	1.24881962	1.24939702
2163	5.22671994	5.21290251
2164	9.00185447	8.97774314
2165	4.52097175	4.53027514
2166	1.24881962	1.24939702
2167	1.24881962	1.24939702
2168	6.32624133	6.33105846
2169	1.24881962	1.24939702
2170	1.24881962	1.24939702
2171	4.83244836	4.83684050
2172	1.57106558	1.57137244
2173	1.57106558	1.57137244
2174	8.42617494	8.40813791
2175	1.24881962	1.24939702
2176	1.57106558	1.57137244
2177	1.24881962	1.24939702
2178	1.96382185	1.96351076
2179	1.96382185	1.96351076
2180	4.70487484	4.71316792
2181	1.57106558	1.57137244
2182	6.17972755	6.17668541
2183	1.81565867	1.81569338
2184	1.24881962	1.24939702
2185	1.24881962	1.24939702
2186	6.49711661	6.48856082
2187	5.22671994	5.21290251
2188	4.70487484	4.71316792
2189	1.24881962	1.24939702
2190	6.74074203	6.67499300
2191	6.74074203	6.67499300
2192	1.24881962	1.24939702
2193	1.24881962	1.24939702
2194	1.24881962	1.24939702
2195	1.57106558	1.57137244
2196	1.57106558	1.57137244
2197	1.81565867	1.81569338
2198	1.96382185	1.96351076
2199	1.57106558	1.57137244
2200	1.24881962	1.24939702
2201	4.70487484	4.71316792
2202	4.52097175	4.53027514
2203	5.94077289	5.91688294
2204	1.24881962	1.24939702
2205	1.24881962	1.24939702
2206	5.94077289	5.91688294
2207	1.24881962	1.24939702
2208	4.52097175	4.53027514
2209	1.81565867	1.81569338
2210	1.81565867	1.81569338
2211	1.57106558	1.57137244
2212	1.96382185	1.96351076
2213	1.96382185	1.96351076
2214	1.81565867	1.81569338
2215	1.81565867	1.81569338
2216	1.96382185	1.96351076
2217	1.96382185	1.96351076
2218	1.96382185	1.96351076
2219	1.96382185	1.96351076
2220	1.57106558	1.57137244
2221	1.96382185	1.96351076
2222	1.24881962	1.24939702
2223	1.57106558	1.57137244
2224	1.57106558	1.57137244
2225	1.81565867	1.81569338
2226	1.57106558	1.57137244
2227	1.96382185	1.96351076
2228	1.96382185	1.96351076
2229	1.24881962	1.24939702
2230	1.96382185	1.96351076
2231	6.42241882	6.44634604
2232	1.24881962	1.24939702
2233	12.66660413	12.70864457
2234	1.24881962	1.24939702
2235	4.63791199	4.64238779
2236	8.11697513	8.08000010
2237	1.57106558	1.57137244
2238	6.32624133	6.33105846
2239	1.24881962	1.24939702
2240	1.24881962	1.24939702
2241	1.57106558	1.57137244
2242	1.57106558	1.57137244
2243	1.81565867	1.81569338
2244	1.57106558	1.57137244
2245	1.57106558	1.57137244
2246	1.96382185	1.96351076
2247	1.24881962	1.24939702
2248	5.99266848	5.95126087
2249	6.42515206	6.42276709
2250	1.24881962	1.24939702
2251	7.80060848	7.77821593
2252	6.42405480	6.43725317
2253	1.24881962	1.24939702
2254	4.38142560	4.38854245
2255	1.24881962	1.24939702
2256	1.81565867	1.81569338
2257	1.96382185	1.96351076
2258	4.54850753	4.55440786
2259	5.64416069	5.61830301
2260	1.24881962	1.24939702
2261	1.24881962	1.24939702
2262	1.96382185	1.96351076
2263	1.24881962	1.24939702
2264	1.57106558	1.57137244
2265	6.62678624	6.61960353
2266	6.75532612	6.75342635
2267	1.57106558	1.57137244
2268	1.24881962	1.24939702
2269	1.57106558	1.57137244
2270	6.42515206	6.42276709
2271	1.24881962	1.24939702
2272	1.96382185	1.96351076
2273	1.81565867	1.81569338
2274	1.57106558	1.57137244
2275	1.24881962	1.24939702
2276	1.24881962	1.24939702
2277	1.24881962	1.24939702
2278	5.62567013	5.60385606
2279	1.57106558	1.57137244
2280	5.02465091	5.02981456
2281	1.24881962	1.24939702
2282	5.77034413	5.73646460
2283	8.42617494	8.40813791
2284	4.52097175	4.53027514
2285	8.15806072	8.09966628
2286	1.57106558	1.57137244
2287	6.39137941	6.52801500
2288	1.24881962	1.24939702
2289	6.60787970	6.59006482
2290	4.63791199	4.64238779
2291	6.72694239	6.70636394
2292	11.64932768	11.57213965
2293	5.44265426	5.41876782
2294	1.24881962	1.24939702
2295	1.24881962	1.24939702
2296	1.81565867	1.81569338
2297	1.81565867	1.81569338
2298	1.96382185	1.96351076
2299	1.24881962	1.24939702
2300	4.52097175	4.53027514
2301	1.57106558	1.57137244
2302	1.57106558	1.57137244
2303	1.24881962	1.24939702
2304	1.24881962	1.24939702
2305	1.81565867	1.81569338
2306	5.77034413	5.73646460
2307	1.24881962	1.24939702
2308	1.57106558	1.57137244
2309	1.81565867	1.81569338
2310	1.81565867	1.81569338
2311	1.96382185	1.96351076
2312	1.24881962	1.24939702
2313	4.38142560	4.38854245
2314	1.57106558	1.57137244
2315	1.24881962	1.24939702
2316	1.24881962	1.24939702
2317	1.57106558	1.57137244
2318	1.96382185	1.96351076
2319	1.96382185	1.96351076
2320	1.24881962	1.24939702
2321	1.24881962	1.24939702
2322	1.57106558	1.57137244
2323	1.24881962	1.24939702
2324	1.24881962	1.24939702
2325	1.96382185	1.96351076
2326	1.81565867	1.81569338
2327	1.81565867	1.81569338
2328	1.24881962	1.24939702
2329	1.57106558	1.57137244
2330	1.57106558	1.57137244
2331	1.57106558	1.57137244
2332	1.81565867	1.81569338
2333	1.24881962	1.24939702
2334	1.96382185	1.96351076
2335	1.96382185	1.96351076
2336	1.96382185	1.96351076
2337	1.24881962	1.24939702
2338	1.81565867	1.81569338
2339	1.24881962	1.24939702
2340	1.24881962	1.24939702
2341	1.57106558	1.57137244
2342	1.24881962	1.24939702
2343	1.96382185	1.96351076
2344	1.57106558	1.57137244
2345	1.96382185	1.96351076
2346	1.57106558	1.57137244
2347	1.24881962	1.24939702
2348	1.24881962	1.24939702
2349	1.81565867	1.81569338
2350	1.57106558	1.57137244
2351	1.57106558	1.57137244
2352	1.81565867	1.81569338
2353	4.83244836	4.83684050
2354	1.81565867	1.81569338
2355	1.81565867	1.81569338
2356	1.57106558	1.57137244
2357	5.97920232	5.99222733
2358	1.24881962	1.24939702
2359	1.96382185	1.96351076
2360	1.24881962	1.24939702
2361	1.96382185	1.96351076
2362	1.81565867	1.81569338
2363	1.57106558	1.57137244
2364	1.57106558	1.57137244
2365	1.24881962	1.24939702
2366	1.81565867	1.81569338
2367	1.24881962	1.24939702
2368	1.81565867	1.81569338
2369	1.57106558	1.57137244
2370	1.24881962	1.24939702
2371	1.24881962	1.24939702
2372	1.57106558	1.57137244
2373	4.83244836	4.83684050
2374	5.77034413	5.73646460
2375	4.70487484	4.71316792
2376	1.24881962	1.24939702
2377	1.96382185	1.96351076
2378	1.96382185	1.96351076
2379	1.96382185	1.96351076
2380	1.81565867	1.81569338
2381	1.81565867	1.81569338
2382	1.81565867	1.81569338
2383	1.24881962	1.24939702
2384	1.57106558	1.57137244
2385	1.96382185	1.96351076
2386	1.24881962	1.24939702
2387	1.57106558	1.57137244
2388	1.57106558	1.57137244
2389	1.81565867	1.81569338
2390	1.57106558	1.57137244
2391	1.96382185	1.96351076
2392	1.24881962	1.24939702
2393	1.81565867	1.81569338
2394	1.96382185	1.96351076
2395	1.81565867	1.81569338
2396	1.81565867	1.81569338
2397	1.96382185	1.96351076
2398	1.96382185	1.96351076
2399	1.24881962	1.24939702
2400	1.81565867	1.81569338
2401	1.57106558	1.57137244
2402	1.24881962	1.24939702
2403	1.96382185	1.96351076
2404	1.96382185	1.96351076
2405	1.24881962	1.24939702
2406	1.57106558	1.57137244
2407	1.24881962	1.24939702
2408	1.81565867	1.81569338
2409	1.57106558	1.57137244
2410	1.57106558	1.57137244
2411	1.57106558	1.57137244
2412	5.02465091	5.02981456
2413	1.24881962	1.24939702
2414	1.81565867	1.81569338
2415	1.96382185	1.96351076
2416	1.96382185	1.96351076
2417	1.81565867	1.81569338
2418	1.96382185	1.96351076
2419	1.57106558	1.57137244
2420	1.24881962	1.24939702
2421	1.96382185	1.96351076
2422	1.57106558	1.57137244
2423	1.57106558	1.57137244
2424	1.96382185	1.96351076
2425	1.57106558	1.57137244
2426	1.81565867	1.81569338
2427	1.24881962	1.24939702
2428	1.81565867	1.81569338
2429	6.29981536	6.29615279
2430	1.24881962	1.24939702
2431	1.24881962	1.24939702
2432	1.24881962	1.24939702
2433	1.96382185	1.96351076
2434	1.96382185	1.96351076
2435	1.81565867	1.81569338
2436	1.81565867	1.81569338
2437	1.57106558	1.57137244
2438	1.96382185	1.96351076
2439	1.81565867	1.81569338
2440	1.81565867	1.81569338
2441	1.81565867	1.81569338
2442	1.96382185	1.96351076
2443	1.81565867	1.81569338
2444	1.81565867	1.81569338
2445	1.57106558	1.57137244
2446	1.24881962	1.24939702
2447	1.24881962	1.24939702
2448	1.57106558	1.57137244
2449	1.96382185	1.96351076
2450	1.24881962	1.24939702
2451	1.81565867	1.81569338
2452	1.81565867	1.81569338
2453	1.24881962	1.24939702
2454	1.24881962	1.24939702
2455	1.24881962	1.24939702
2456	1.96382185	1.96351076
2457	1.81565867	1.81569338
2458	1.57106558	1.57137244
2459	1.57106558	1.57137244
2460	1.81565867	1.81569338
2461	1.24881962	1.24939702
2462	1.57106558	1.57137244
2463	1.96382185	1.96351076
2464	1.81565867	1.81569338
2465	1.96382185	1.96351076
2466	1.24881962	1.24939702
2467	1.81565867	1.81569338
2468	1.57106558	1.57137244
2469	1.81565867	1.81569338
2470	1.96382185	1.96351076
2471	1.24881962	1.24939702
2472	1.96382185	1.96351076
2473	1.81565867	1.81569338
2474	1.81565867	1.81569338
2475	1.57106558	1.57137244
2476	1.24881962	1.24939702
2477	1.96382185	1.96351076
2478	1.24881962	1.24939702
2479	1.57106558	1.57137244
2480	1.57106558	1.57137244
2481	1.96382185	1.96351076
2482	1.96382185	1.96351076
2483	1.24881962	1.24939702
2484	1.96382185	1.96351076
2485	4.70487484	4.71316792
2486	1.24881962	1.24939702
2487	1.24881962	1.24939702
2488	1.81565867	1.81569338
2489	1.57106558	1.57137244
2490	1.57106558	1.57137244
2491	1.24881962	1.24939702
2492	1.96382185	1.96351076
2493	1.96382185	1.96351076
2494	1.81565867	1.81569338
2495	1.57106558	1.57137244
2496	1.96382185	1.96351076
2497	1.96382185	1.96351076
2498	1.81565867	1.81569338
2499	1.81565867	1.81569338
2500	1.81565867	1.81569338
2501	1.57106558	1.57137244
2502	1.81565867	1.81569338
2503	1.24881962	1.24939702
2504	1.81565867	1.81569338
2505	1.57106558	1.57137244
2506	1.81565867	1.81569338
2507	7.82380076	7.81671883
2508	5.94923841	5.96491712
2509	-1.021e-14	2.442e-15
2510	1.81565867	1.81569338
2511	6.70172636	6.67520792
2512	6.62911643	6.61859730
2513	5.77034413	5.73646460
2514	11.00807232	12.20954819
2515	5.77034413	5.73646460
2516	1.81565867	1.81569338
2517	1.81565867	1.81569338
2518	5.94923841	5.96491712
2519	1.57106558	1.57137244
2520	1.81565867	1.81569338
2521	1.57106558	1.57137244
2522	1.57106558	1.57137244
2523	1.57106558	1.57137244
2524	1.81565867	1.81569338
2525	1.96382185	1.96351076
2526	1.81565867	1.81569338
2527	1.24881962	1.24939702
2528	1.57106558	1.57137244
2529	1.96382185	1.96351076
2530	1.24881962	1.24939702
2531	1.24881962	1.24939702
2532	1.24881962	1.24939702
2533	1.96382185	1.96351076
2534	5.02465091	5.02981456
2535	1.24881962	1.24939702
2536	1.57106558	1.57137244
2537	1.24881962	1.24939702
2538	1.24881962	1.24939702
2539	1.96382185	1.96351076
2540	1.24881962	1.24939702
2541	1.96382185	1.96351076
2542	1.24881962	1.24939702
2543	1.24881962	1.24939702
2544	1.24881962	1.24939702
2545	5.64416069	5.61830301
2546	7.42121464	7.41507198
2547	5.94077289	5.91688294
2548	1.96382185	1.96351076
2549	1.96382185	1.96351076
2550	1.57106558	1.57137244
2551	1.57106558	1.57137244
2552	4.52097175	4.53027514
2553	1.24881962	1.24939702
2554	1.57106558	1.57137244
2555	1.81565867	1.81569338
2556	1.81565867	1.81569338
2557	1.57106558	1.57137244
2558	4.63791199	4.64238779
2559	1.57106558	1.57137244
2560	1.24881962	1.24939702
2561	1.24881962	1.24939702
2562	1.24881962	1.24939702
2563	1.96382185	1.96351076
2564	1.57106558	1.57137244
2565	1.96382185	1.96351076
2566	1.57106558	1.57137244
2567	1.57106558	1.57137244
2568	4.96050531	4.94860368
2569	10.72205940	10.69334913
2570	11.14848519	11.10033342
2571	4.70487484	4.71316792
2572	4.63791199	4.64238779
2573	4.63791199	4.64238779
2574	1.24881962	1.24939702
2575	1.81565867	1.81569338
2576	1.96382185	1.96351076
2577	1.24881962	1.24939702
2578	1.81565867	1.81569338
2579	1.24881962	1.24939702
2580	5.64416069	5.61830301
2581	6.72694239	6.70636394
2582	1.24881962	1.24939702
2583	1.81565867	1.81569338
2584	1.57106558	1.57137244
2585	1.81565867	1.81569338
2586	1.57106558	1.57137244
2587	1.24881962	1.24939702
2588	1.24881962	1.24939702
2589	5.94923841	5.96491712
2590	4.52097175	4.53027514
2591	4.52097175	4.53027514
2592	5.84556699	5.85356165
2593	6.75231280	6.72318765
2594	6.10779085	6.11904177
2595	8.99635788	8.95236428
2596	10.02343135	9.93567785
2597	5.77034413	5.73646460
2598	6.42405480	6.43725317
2599	7.62576043	7.61499854
2600	1.57106558	1.57137244
2601	1.57106558	1.57137244
2602	10.72205940	10.69334913
2603	1.24881962	1.24939702
2604	6.17972755	6.17668541
2605	1.24881962	1.24939702
2606	5.44265426	5.41876782
2607	1.57106558	1.57137244
2608	5.44265426	5.41876782
2609	4.63791199	4.64238779
2610	1.57106558	1.57137244
2611	6.72694239	6.70636394
2612	1.57106558	1.57137244
2613	1.24881962	1.24939702
2614	1.24881962	1.24939702
2615	1.96382185	1.96351076
2616	1.24881962	1.24939702
2617	1.24881962	1.24939702
2618	8.35465371	8.32219168
2619	1.24881962	1.24939702
2620	1.96382185	1.96351076
2621	7.45223776	7.44872387
2622	1.96382185	1.96351076
2623	4.52097175	4.53027514
2624	4.52097175	4.53027514
2625	1.81565867	1.81569338
2626	1.96382185	1.96351076
2627	1.81565867	1.81569338
2628	1.81565867	1.81569338
2629	1.24881962	1.24939702
2630	1.24881962	1.24939702
2631	1.96382185	1.96351076
2632	1.24881962	1.24939702
2633	1.81565867	1.81569338
2634	1.96382185	1.96351076
2635	1.96382185	1.96351076
2636	1.57106558	1.57137244
2637	1.24881962	1.24939702
2638	1.96382185	1.96351076
2639	1.24881962	1.24939702
2640	1.96382185	1.96351076
2641	1.57106558	1.57137244
2642	1.57106558	1.57137244
2643	1.57106558	1.57137244
2644	1.96382185	1.96351076
2645	1.96382185	1.96351076
2646	4.52097175	4.53027514
2647	1.24881962	1.24939702
2648	1.24881962	1.24939702
2649	1.81565867	1.81569338
2650	6.97054312	6.94056697
2651	1.96382185	1.96351076
2652	1.57106558	1.57137244
2653	1.24881962	1.24939702
2654	1.81565867	1.81569338
2655	1.24881962	1.24939702
2656	1.24881962	1.24939702
2657	1.24881962	1.24939702
2658	1.24881962	1.24939702
2659	4.54850753	4.55440786
2660	1.81565867	1.81569338
2661	1.81565867	1.81569338
2662	1.24881962	1.24939702
2663	1.24881962	1.24939702
2664	4.63791199	4.64238779
2665	4.83244836	4.83684050
2666	1.57106558	1.57137244
2667	1.81565867	1.81569338
2668	1.81565867	1.81569338
2669	1.81565867	1.81569338
2670	1.24881962	1.24939702
2671	6.32624133	6.33105846
2672	1.24881962	1.24939702
2673	7.45223776	7.44872387
2674	1.81565867	1.81569338
2675	1.57106558	1.57137244
2676	1.24881962	1.24939702
2677	1.96382185	1.96351076
2678	1.24881962	1.24939702
2679	1.96382185	1.96351076
2680	1.96382185	1.96351076
2681	1.81565867	1.81569338
2682	1.81565867	1.81569338
2683	1.57106558	1.57137244
2684	1.24881962	1.24939702
2685	1.24881962	1.24939702
2686	4.70487484	4.71316792
2687	4.52097175	4.53027514
2688	1.57106558	1.57137244
2689	1.57106558	1.57137244
2690	1.81565867	1.81569338
2691	1.57106558	1.57137244
2692	1.81565867	1.81569338
2693	1.81565867	1.81569338
2694	1.57106558	1.57137244
2695	1.81565867	1.81569338
2696	1.81565867	1.81569338
2697	6.10779085	6.11904177
2698	1.24881962	1.24939702
2699	1.57106558	1.57137244
2700	1.24881962	1.24939702
2701	4.63791199	4.64238779
2702	8.35465371	8.32219168
2703	1.24881962	1.24939702
2704	5.97920232	5.99222733
2705	5.94077289	5.91688294
2706	5.44265426	5.41876782
2707	1.57106558	1.57137244
2708	4.54850753	4.55440786
2709	4.83244836	4.83684050
2710	1.81565867	1.81569338
2711	5.62567013	5.60385606
2712	7.84662159	7.81578333
2713	5.22671994	5.21290251
2714	5.44265426	5.41876782
2715	1.24881962	1.24939702
2716	1.24881962	1.24939702
2717	1.57106558	1.57137244
2718	1.57106558	1.57137244
2719	1.81565867	1.81569338
2720	5.44265426	5.41876782
2721	1.57106558	1.57137244
2722	1.81565867	1.81569338
2723	5.94077289	5.91688294
2724	1.57106558	1.57137244
2725	1.81565867	1.81569338
2726	1.57106558	1.57137244
2727	1.57106558	1.57137244
2728	1.81565867	1.81569338
2729	1.57106558	1.57137244
2730	1.24881962	1.24939702
2731	4.70487484	4.71316792
2732	4.52097175	4.53027514
2733	8.79755076	8.76079156
2734	1.81565867	1.81569338
2735	1.24881962	1.24939702
2736	4.54850753	4.55440786
2737	1.57106558	1.57137244
2738	6.42241882	6.44634604
2739	1.24881962	1.24939702
2740	4.52097175	4.53027514
2741	5.73483931	5.74649738
2742	1.57106558	1.57137244
2743	1.81565867	1.81569338
2744	1.24881962	1.24939702
2745	1.24881962	1.24939702
2746	1.81565867	1.81569338
2747	1.57106558	1.57137244
2748	1.96382185	1.96351076
2749	1.57106558	1.57137244
2750	9.70029307	11.12801416
2751	1.24881962	1.24939702
2752	1.81565867	1.81569338
2753	6.07673732	6.09167949
2754	1.96382185	1.96351076
2755	1.57106558	1.57137244
2756	1.24881962	1.24939702
2757	1.81565867	1.81569338
2758	1.81565867	1.81569338
2759	4.54850753	4.55440786
2760	1.57106558	1.57137244
2761	1.81565867	1.81569338
2762	1.24881962	1.24939702
2763	1.24881962	1.24939702
2764	1.81565867	1.81569338
2765	1.96382185	1.96351076
2766	4.38142560	4.38854245
2767	1.81565867	1.81569338
2768	7.84955036	7.84871983
2769	1.24881962	1.24939702
2770	1.57106558	1.57137244
2771	5.76296913	5.77268117
2772	1.96382185	1.96351076
2773	1.24881962	1.24939702
2774	1.24881962	1.24939702
2775	1.57106558	1.57137244
2776	1.96382185	1.96351076
2777	1.24881962	1.24939702
2778	1.24881962	1.24939702
2779	1.24881962	1.24939702
2780	1.24881962	1.24939702
2781	1.24881962	1.24939702
2782	1.81565867	1.81569338
2783	5.13680679	5.12335104
2784	5.44265426	5.41876782
2785	1.81565867	1.81569338
2786	1.24881962	1.24939702
2787	1.96382185	1.96351076
2788	1.96382185	1.96351076
2789	1.57106558	1.57137244
2790	1.81565867	1.81569338
2791	1.24881962	1.24939702
2792	6.62678624	6.61960353
2793	1.24881962	1.24939702
2794	5.13680679	5.12335104
2795	1.24881962	1.24939702
2796	1.57106558	1.57137244
2797	1.24881962	1.24939702
2798	1.24881962	1.24939702
2799	1.57106558	1.57137244
2800	1.81565867	1.81569338
2801	1.24881962	1.24939702
2802	1.57106558	1.57137244
2803	1.96382185	1.96351076
2804	5.44265426	5.41876782
2805	1.24881962	1.24939702
2806	1.24881962	1.24939702
2807	4.83244836	4.83684050
2808	1.96382185	1.96351076
2809	1.96382185	1.96351076
2810	6.42515206	6.42276709
2811	1.57106558	1.57137244
2812	1.57106558	1.57137244
2813	6.72008498	6.70516625
2814	1.24881962	1.24939702
2815	1.24881962	1.24939702
2816	5.44265426	5.41876782
2817	7.84662159	7.81578333
2818	1.81565867	1.81569338
2819	6.39137941	6.52801500
2820	1.96382185	1.96351076
2821	1.81565867	1.81569338
2822	1.24881962	1.24939702
2823	1.96382185	1.96351076
2824	1.96382185	1.96351076
2825	1.57106558	1.57137244
2826	1.57106558	1.57137244
2827	1.57106558	1.57137244
2828	1.57106558	1.57137244
2829	1.81565867	1.81569338
2830	4.83244836	4.83684050
2831	4.38142560	4.38854245
2832	1.96382185	1.96351076
2833	1.96382185	1.96351076
2834	10.82079701	10.79367214
2835	1.57106558	1.57137244
2836	1.81565867	1.81569338
2837	1.24881962	1.24939702
2838	5.76296913	5.77268117
2839	1.81565867	1.81569338
2840	1.24881962	1.24939702
2841	1.57106558	1.57137244
2842	1.24881962	1.24939702
2843	7.82380076	7.81671883
2844	1.57106558	1.57137244
2845	1.57106558	1.57137244
2846	4.38142560	4.38854245
2847	1.81565867	1.81569338
2848	1.81565867	1.81569338
2849	4.54850753	4.55440786
2850	1.96382185	1.96351076
2851	1.57106558	1.57137244
2852	4.52097175	4.53027514
2853	1.96382185	1.96351076
2854	1.24881962	1.24939702
2855	1.57106558	1.57137244
2856	1.96382185	1.96351076
2857	1.57106558	1.57137244
2858	6.17972755	6.17668541
2859	6.04875676	6.04084823
2860	1.81565867	1.81569338
2861	1.24881962	1.24939702
2862	1.24881962	1.24939702
2863	1.24881962	1.24939702
2864	4.63791199	4.64238779
2865	1.57106558	1.57137244
2866	1.81565867	1.81569338
2867	6.42515206	6.42276709
2868	1.81565867	1.81569338
2869	1.81565867	1.81569338
2870	1.57106558	1.57137244
2871	1.24881962	1.24939702
2872	1.57106558	1.57137244
2873	5.76296913	5.77268117
2874	1.24881962	1.24939702
2875	1.24881962	1.24939702
2876	1.24881962	1.24939702
2877	1.96382185	1.96351076
2878	1.24881962	1.24939702
2879	7.84662159	7.81578333
2880	1.57106558	1.57137244
2881	1.57106558	1.57137244
2882	1.57106558	1.57137244
2883	5.76296913	5.77268117
2884	1.81565867	1.81569338
2885	1.24881962	1.24939702
2886	1.24881962	1.24939702
2887	1.24881962	1.24939702
2888	1.24881962	1.24939702
2889	1.57106558	1.57137244
2890	1.57106558	1.57137244
2891	8.42617494	8.40813791
2892	10.70405167	10.72960948
2893	1.57106558	1.57137244
2894	8.40070212	8.33483851
2895	1.24881962	1.24939702
2896	1.57106558	1.57137244
2897	7.88389389	7.87798768
2898	1.81565867	1.81569338
2899	1.57106558	1.57137244
2900	7.84955036	7.84871983
2901	1.24881962	1.24939702
2902	1.57106558	1.57137244
2903	1.57106558	1.57137244
2904	1.24881962	1.24939702
2905	5.13680679	5.12335104
2906	5.76296913	5.77268117
2907	4.63791199	4.64238779
2908	4.54850753	4.55440786
2909	1.57106558	1.57137244
2910	1.57106558	1.57137244
2911	1.81565867	1.81569338
2912	1.57106558	1.57137244
2913	1.81565867	1.81569338
2914	1.24881962	1.24939702
2915	4.38142560	4.38854245
2916	1.24881962	1.24939702
2917	1.81565867	1.81569338
2918	4.54850753	4.55440786
2919	4.83244836	4.83684050
2920	5.22671994	5.21290251
2921	1.57106558	1.57137244
2922	8.61568506	8.61670904
2923	1.57106558	1.57137244
2924	1.57106558	1.57137244
2925	1.57106558	1.57137244
2926	1.57106558	1.57137244
2927	9.32595889	9.31821243
2928	4.83244836	4.83684050
2929	1.57106558	1.57137244
2930	1.57106558	1.57137244
2931	4.70487484	4.71316792
2932	1.81565867	1.81569338
2933	1.24881962	1.24939702
2934	1.96382185	1.96351076
2935	1.57106558	1.57137244
2936	6.75231280	6.72318765
2937	1.57106558	1.57137244
2938	1.81565867	1.81569338
2939	4.38142560	4.38854245
2940	1.24881962	1.24939702
2941	1.57106558	1.57137244
2942	5.44265426	5.41876782
2943	1.24881962	1.24939702
2944	1.81565867	1.81569338
2945	5.94923841	5.96491712
2946	1.96382185	1.96351076
2947	1.57106558	1.57137244
2948	5.73483931	5.74649738
2949	1.57106558	1.57137244
2950	1.81565867	1.81569338
2951	10.02343135	9.93567785
2952	5.76296913	5.77268117
2953	1.81565867	1.81569338
2954	1.24881962	1.24939702
2955	5.44265426	5.41876782
2956	1.81565867	1.81569338
2957	1.24881962	1.24939702
2958	1.81565867	1.81569338
2959	1.96382185	1.96351076
2960	1.24881962	1.24939702
2961	1.24881962	1.24939702
2962	1.57106558	1.57137244
2963	1.57106558	1.57137244
2964	1.57106558	1.57137244
2965	1.57106558	1.57137244
2966	1.57106558	1.57137244
2967	1.57106558	1.57137244
2968	1.81565867	1.81569338
2969	1.57106558	1.57137244
2970	1.57106558	1.57137244
2971	1.57106558	1.57137244
2972	1.57106558	1.57137244
2973	1.24881962	1.24939702
2974	1.81565867	1.81569338
2975	7.94540251	7.93472728
2976	1.57106558	1.57137244
2977	1.57106558	1.57137244
2978	1.57106558	1.57137244
2979	1.24881962	1.24939702
2980	1.24881962	1.24939702
2981	1.57106558	1.57137244
2982	1.57106558	1.57137244
2983	1.57106558	1.57137244
2984	1.57106558	1.57137244
2985	1.57106558	1.57137244
2986	1.81565867	1.81569338
2987	6.07673732	6.09167949
2988	5.62567013	5.60385606
2989	1.81565867	1.81569338
2990	1.57106558	1.57137244
2991	1.24881962	1.24939702
2992	1.24881962	1.24939702
2993	6.74074203	6.67499300
2994	1.57106558	1.57137244
2995	1.81565867	1.81569338
2996	5.76296913	5.77268117
2997	1.24881962	1.24939702
2998	1.24881962	1.24939702
2999	5.44265426	5.41876782
3000	6.62911643	6.61859730
